,Date,AUSTRALIA,AUSTRIA,BELGIUM,CANADA,DENMARK,FINLAND,FRANCE,GERMANY,ITALY,JAPAN,NETHERLANDS,NEW ZEALAND,NORWAY,PORTUGAL,SPAIN,SWEDEN,SWITZERLAND,UNITED KINGDOM,UNITED STATES,CHILE,SRI LANKA,URUGUAY,BRAZIL,GREECE,PERU,VENEZUELA,COLOMBIA,ECUADOR,INDIA,MEXICO
149,1900-01-01,7.908426959903715,8.441824689652467,8.908945317083942,8.23833942201883,7.606768663639647,5.426191251220623,8.06681162529776,8.701653639190868,6.024410417350738,6.087930751571265,7.954480294221252,8.015095170341766,7.530878787904859,6.123979798635965,6.404865514329077,7.492050850698009,7.450816261033623,9.2308649866061,9.069087050739244,5.661259887337426,,,,4.433763452214075,4.20988743626807,,,,3.8267180993724104,4.298261318065427
150,1901-01-01,8.011918579316973,8.456084191744408,8.835433904432914,8.36888913911275,7.634417204215061,5.063351772252561,8.03217215858826,8.682895942559526,5.990019308076318,6.256775863803465,7.9169540460973975,8.110361616136332,7.455074294476495,6.084353452614304,6.450802849410996,7.411118137090858,7.347988535791908,9.199831538543036,9.134670060093258,6.261886798673549,,,4.740087497947875,4.4267346051216165,4.1670512772077775,,,,3.918823241525298,4.558504481113351
151,1902-01-01,7.993678745962776,8.34520016728948,8.865490232545856,8.421383771968289,7.649608020528532,5.002668673217287,7.969842648879571,8.647151141711586,6.086397220363168,6.312914398063265,7.900224884203857,8.190402374266013,7.531843494819215,6.167999844110114,6.487932940085514,7.451331022549714,7.3450456252750795,9.229395126493788,9.172420366600763,6.473408103940095,,,4.8944328423293175,4.194415876207899,3.275857799727509,,,,4.010428830693153,4.630776664184599
152,1903-01-01,7.966247079526529,8.33044879885233,8.926372758671402,8.479251277659609,7.678045144355063,5.245544781949897,8.062701574951072,8.7056468572017,6.098337885812283,6.333274319793453,7.951883687422785,8.204819698222664,7.525281542765314,6.12098773713732,6.467830449339501,7.540872454572033,7.412115942503328,9.22881450108971,9.310949459573546,6.559448856600779,,,4.846795490174285,4.36797284482456,4.027978724311776,,,,4.022611364687277,4.7084848536551105
153,1904-01-01,7.98214662324604,8.37263816364631,8.86946499823693,8.617254737344561,7.743298168397168,5.263055752791245,8.034709719106557,8.72675586136619,6.145644402864015,6.440830883499344,7.9921786530286925,8.255225869433248,7.502157895297731,6.13535186495967,6.525882274150632,7.586644261727785,7.449136199510123,9.224870503093424,9.276130320381117,6.453969872106953,,,4.896790350910591,4.244452247872952,4.2856770723543285,0.3098326954754412,,,4.127630969522768,4.796171471285654
154,1905-01-01,8.010114783812286,8.405297167852455,8.855308139769669,8.655865426058718,7.704876775015824,5.3585926493359155,8.045228636654652,8.783356200249068,6.234560807339535,6.460973001296617,8.00365224093738,8.257006879928158,7.494300617479959,6.1038107179230945,6.565127891952393,7.563872251882834,7.49796300509867,9.229285627530913,9.368140806029071,6.496785090328779,,,4.9420594159505935,3.9934433306878283,4.506599096737414,,,,4.143736020853649,4.778904067765149
155,1906-01-01,8.171290224130628,8.571654294519696,8.978175887627753,8.692220567234436,7.778784833204985,5.398013375594171,8.11324194099928,8.714387636167867,6.393573982604391,6.545714577100445,8.073597775446803,8.315234328120756,7.508360351084853,6.2346648436280345,6.576712745710923,7.662174893175338,7.569703664370575,9.255678602782755,9.39745559255998,6.646301255856977,,,5.056740220277864,3.918407682366667,4.691891103920078,,,,4.281973885574196,4.885407436908681
156,1907-01-01,8.230360963704841,8.78946745747456,8.981513386521893,8.872062154430807,7.651469508295119,5.751220183226016,8.17725548063752,8.90028463483681,6.463525526094303,6.601228637270609,8.0882509620065,8.34747424007478,7.627893217943779,6.313200829591283,6.586575721777028,7.777479998270332,7.705784905893041,9.290675518695233,9.530354824270908,6.5222876046305505,,,5.109545714092926,4.410967968121669,5.301582612155927,,,,4.385535963203203,5.039648840053844
157,1908-01-01,8.29292862839579,9.115648842711089,8.963413942902704,8.84854262261361,7.854869018302304,6.198845227608943,8.182364682313917,8.896395455904887,6.474717048306571,6.659850498058107,8.093399434501778,8.336006171514734,7.799103239101488,6.298882503720688,6.627371502675444,7.834788107388194,7.694840084792336,9.257057804892106,9.376792608142404,6.631335889807704,,,5.1290984407864855,4.935212832368999,5.706733824934232,0.28378095614117155,,,4.514156984570425,5.538659965295894
158,1909-01-01,8.132913303594037,8.77079345641052,8.952956084513428,8.778867054921658,7.943181929040585,6.09294119363313,8.20362013603293,8.880184824390618,6.56576171123865,6.663726282757996,8.131681822071522,8.335274990763256,7.79849046161562,6.306460441552638,6.645899323009989,7.742940252862935,7.690597782323953,9.25700632250237,9.458480574904609,6.576118770383098,,,5.112217881589619,4.665317692299445,5.913075510126749,,,,4.473398537188729,5.50724715662096
159,1910-01-01,8.291260210400722,9.071473869216346,9.009517030087478,8.880110550221152,7.844787360033739,5.894593744224112,8.20426265329422,8.866179563502925,6.557179104101961,6.67960565522365,8.166461951620734,8.454288244360589,7.821392661621761,6.314982068659577,6.620935962459697,7.768101070529739,7.643623629406301,9.25594223434994,9.524646805733592,6.74279993049153,,,5.2425940363593755,4.906015244966153,5.773805835874765,,,,4.4441366492334735,5.6248301722746765
160,1911-01-01,8.361470305950775,8.883110816938421,9.013481496784319,9.00456341385335,7.895976453522752,6.096831561731861,8.243195884032062,8.880154181469775,6.578492503722772,6.781206961244593,8.21412336810726,8.371801354029959,7.837458862040517,6.2731109605155195,6.602978842157267,7.734017140038395,7.7328792479441395,9.272569392452292,9.498786976896366,6.832100861480075,,,5.314065024464712,5.130731521817454,5.885505061620526,,,,4.494546384217693,6.3296068598325865
161,1912-01-01,8.403617229025151,8.913719198233398,9.052675071187673,9.088892182696613,8.054784154009472,6.205315556515322,8.25252975065138,8.955424082025736,6.620445214491461,6.875440173822189,8.321316793170043,8.402039046098682,7.951797483841309,6.418383262148535,6.677947955332733,7.829222772761164,7.738852248304134,9.214731590397408,9.548652190097524,6.929139098653275,,,5.487007084730285,,5.840791038231136,,,,4.634493441998119,6.357378455771593
162,1913-01-01,8.444238218560619,9.084640053095702,9.091504553340048,9.220811919922493,8.069711107566151,6.309899057090956,8.326093282503148,9.01571685016877,6.690978537904804,6.958460608324213,8.405836401009346,8.23177830334598,7.9477844513341,6.47169052154622,6.757318974126136,7.939467137852987,7.781667314448377,9.298839116841451,9.600111766021799,6.886538489887006,,,5.542298760716589,5.5082533432451575,5.903379252580987,1.6299634625522463,,,4.731692096657787,6.665793060012422
163,1914-01-01,8.510449522763064,8.879191677417099,8.567526296884974,9.042672631758753,8.082738865343476,5.419691138166398,7.9571124108769835,8.92791818327517,6.5881592138812035,7.010458442285166,8.32298089736981,8.400615924591348,8.045941923351345,6.336413357381955,6.743924749906321,7.873092556297376,7.679831264649858,9.259262459370948,9.490488757711208,6.70937181531364,,,5.13661054922283,0.699988088343718,5.871830877670978,2.3144495808295065,,,4.7387582176335945,6.519874233280418
164,1915-01-01,8.386563169556698,8.53782285711373,8.398346895764316,8.918303574468462,8.138720647679131,3.5407665701716495,7.844731499765771,8.852964405864071,6.440279335495271,6.903255183027889,8.253123066227694,8.362766837020162,8.127153178214808,6.245396436774134,6.615070404128582,7.873461982377721,7.740878467169447,9.265914028137228,9.513144062795075,6.773866862977586,,,4.848227930927878,1.3860216958148612,6.060800530364783,2.8675327686038536,,,4.782079550386511,6.865187684307564
165,1916-01-01,8.266863027038994,7.071351196086072,8.683457766631502,9.139458116288207,8.103635530244429,4.0581804718143735,7.920249100675065,8.933768439408341,6.424763849657378,6.993728055863798,8.143286128378115,8.381482555216104,8.04986765408431,6.212695663812945,6.76262587864717,7.919388971291591,7.689930804859993,9.297473289393038,9.604039675402207,6.952110135449275,,,4.739605741706796,2.477570657100141,6.0883592841280185,3.315755274601908,,,4.792142569358721,7.048519570824843
166,1917-01-01,8.342224992899052,6.23266487037872,8.453977116287678,9.24059866946468,7.773639224362942,3.6567672185782296,8.038428535055266,8.98511151797737,6.051647674310838,7.123413545644967,7.171419708250212,8.296741326761014,7.223552121377801,5.620463613389473,6.636290802530919,7.065919646816345,7.36025988524179,9.283616660458799,9.685605317520567,7.022820693052857,,,4.576668193383897,2.79906093756417,6.095974634838703,3.310647141580875,,2.6879565807270915,4.835891853596053,7.4683482565211206
167,1918-01-01,8.42565156543636,6.207787507305678,8.390755356491946,9.27789124895065,7.917021829496946,3.155671879454815,7.943121189271143,8.95197692092342,6.227060100204693,7.17361777198714,7.674796265864481,8.277274777438086,7.454859340346842,5.205893670422443,6.683847055906041,7.229223139564072,7.30109493636436,9.21351472719445,9.719858221066705,6.9965301661162,,,4.482728811677353,3.0994027497997507,6.053747814730539,4.2923979687063,,2.6799702290944416,4.95280786132535,7.6282437876951
168,1919-01-01,8.34034759048565,6.152911972064389,8.680502833388916,9.094797018975267,7.853394485528248,4.336890158199626,8.007543155445823,8.764683038733068,6.214591615064865,7.268547783386022,8.081064320638852,8.148542217745492,7.617881582529532,5.882546714258464,6.627768710874504,7.1841429341677205,7.082861021961061,9.19117133125992,9.547853880642808,6.963028950013173,,,4.74068498394248,2.9332458268605714,6.060020340437055,4.270245355619648,,2.6720471542571143,5.040033744614443,7.9221708587734225
169,1920-01-01,8.477728874125793,7.719779998859531,8.896894046106492,9.169359036410677,7.705412660052166,4.474870990655445,8.267427944950862,8.861381394479634,6.170042217744473,7.194322721542906,8.08339607687207,7.961782851158044,7.607738433727347,5.8554221259014865,6.4960498475026665,7.47970478725053,7.532129450393824,9.215004927189911,9.696132963172662,6.616845871594239,,,4.891427638107129,4.779263539327009,6.127261096208014,3.917003895681266,,2.6630684182918385,4.8280991854918955,8.541057423672358
170,1921-01-01,8.353058212692627,7.998259033906949,8.81578167028874,9.096294112482191,7.635107983278416,4.489447723053684,8.165473280257018,8.947826022837752,6.3647897085845315,7.076353519896866,8.119605384929494,7.918139050959529,7.1435047972911185,5.869170342517904,6.542434945800723,6.92257941545405,7.050356324541941,8.890460220970674,9.477356617248107,6.7860087743150865,,,4.639043455952397,4.848362901909322,6.242574411132781,3.9822881169198565,1.52658821477388,2.654723446359658,4.895397032722528,8.710555886108557
171,1922-01-01,8.382730430762617,7.954960908994073,8.907973501859756,8.930971907700158,7.9750657602013115,5.400961111010592,8.328974071130286,8.90436330067784,6.515190559252687,7.13057596183985,8.263932001066223,7.913293230045166,7.786145378888014,6.178134483901991,6.538747068703831,7.418638311919148,7.371039981181926,9.17560840335788,9.471456942031427,6.582645439275936,,,4.887251148452497,4.746473716504019,6.414956219407982,4.217814488341533,3.0851512866396966,2.6464475370557983,4.869251378743441,8.64106989295399
172,1923-01-01,8.381461491276514,7.908124383265528,9.150884713839421,9.215700430169937,8.051736159463518,6.121811623710691,8.438662700682173,8.581421297968708,6.548257358575198,7.178727574035455,8.24460009950082,7.970891208196055,7.826419601538195,6.065535243251887,6.670202441964092,7.61039816938289,7.588641663524472,9.230991620535324,9.733076757432018,6.669783303158498,,,5.066609642974324,5.031402079673857,6.408016724538012,4.996744576455488,3.3277496132327635,2.994914500576701,4.887964271403925,8.453543793123485
173,1924-01-01,8.445857804733787,8.027668495232485,9.200529904703526,9.017278439304583,8.200913371826491,6.279390324580108,8.542927824945366,8.88348463925394,6.721269257625491,7.210210522846915,8.346460065635098,7.992284419571812,7.949407827841762,6.1766289507153935,6.7261859698781,7.783310307801882,7.527240723302327,9.269183861005638,9.603280254411072,6.936203788809116,,,5.146667705987236,5.376911332994909,6.586207297455544,4.829379142906808,3.359448628278175,3.169094899786956,4.946338761710234,8.378348685713556
174,1925-01-01,8.466914357890769,7.968174556757747,9.214361496103152,8.972920868461216,8.04966399895507,6.250569291099355,8.56972841485691,8.889820713297656,6.673748777005934,7.229084918117978,8.425973510020835,7.993348306684967,7.9256165944118315,6.194105847330639,6.751559923951418,7.6663586736145755,7.564840404744872,9.209086209158775,9.614694772091077,6.864695002619617,,,5.178145406393481,5.806208174356418,6.850757381322474,5.378401573286368,4.14057775015172,3.6205518151598506,4.922860023151848,8.189695374098964
175,1926-01-01,8.433170890298312,7.945309961756864,9.201475776588133,9.074880913947105,8.017947518098781,6.171344771476706,8.562900841448503,8.77950972931295,6.811321826651826,7.220164417825551,8.433506676046713,8.015701116928577,7.742395738368205,6.186479451586601,6.705446982021007,7.634692425726723,7.548476784680964,8.603607547649858,9.68265864665589,6.877579056362188,,,5.1767854499477135,5.709228832221338,6.824323858756092,5.8280905193618375,4.761756114397794,3.8864461636384964,4.909756469814847,7.9292316071614755
176,1927-01-01,8.449606270815941,8.019873216474208,9.346280010284376,9.137315835526271,8.252693855059423,6.741781316887501,8.557944280051943,8.925287774462063,6.921950227761387,7.28471521830632,8.520289080580145,8.049143726703212,8.031917411775131,6.320457115117158,6.849650249810685,7.97286497465067,7.684607504542144,9.239065529684193,9.645387716954474,6.857167445083765,,,5.259995581241697,5.935558049492529,6.798014245949838,5.764939106252401,4.709813852118277,4.8185105686160306,4.9476100500350935,7.573325452945089
177,1928-01-01,8.336547577161433,8.068660984244685,9.313409438968462,9.136337004256013,8.187200710725621,6.826706814428658,8.54865213962698,8.967905824181418,6.8568575665219,7.301826418626636,8.50784611417261,8.085124717573988,8.018829273883695,6.403362563175593,6.8428307437879745,7.888634432339766,7.718702100432269,9.17058515433511,9.623883769980894,6.78443137756343,,,5.2152981906071,5.947909166784893,6.921061686089517,6.381585901906016,5.176155660906219,5.5110364788216515,4.899088934576888,7.279913995948424
178,1929-01-01,8.216466304067266,8.197175836013175,9.399518710431904,9.17144731401726,8.367271768659913,6.887488496085215,8.646033274455164,9.027871195581264,6.99316484825738,7.314371875328919,8.576838810574523,8.110866801566479,8.134038979712672,6.384607367099146,6.941094547085426,8.06196249427805,7.845683324635681,9.219820266980046,9.68341915326056,6.863235754174341,,,5.263115707892492,6.066744228671814,7.18054442995201,6.394596978575409,5.106192641067811,5.742757120725034,4.928646103707763,7.180527415379489
179,1930-01-01,8.13403142306691,7.946215078402183,9.359613147829005,9.105409715606434,8.269247342995682,6.644698777293249,8.651050581126245,8.867883114028306,6.878028631025763,7.202972868628619,8.551937944068305,8.090015700568514,8.042953341624688,6.458076708059298,6.917017054483479,8.036063548595823,7.767132410005364,9.172108313273563,9.553882876128267,6.806194639916981,,,5.1023488340582785,6.108772654139099,6.934554448150562,,4.412524096418042,5.854982008129267,4.935221884724372,7.079632085774686
180,1931-01-01,8.005470633171962,7.9018433912012975,9.245901046177412,8.871190832139082,8.29812531037412,6.765232076742223,8.556503278171228,8.682489243513078,6.723577775563634,7.086702568191355,8.634969892927462,7.938204461267609,7.96060897571493,6.347769281313396,6.859324199225415,8.033224624388321,7.814812532806668,9.099922475077845,9.385077224362606,6.516705505716719,,,4.802539771928138,6.050229567352487,6.695300493188745,,3.718617650077909,5.951064090712173,4.833809365236208,6.8660225437765
181,1932-01-01,8.037404633171969,7.722234547146853,9.021555180701657,8.781067895103556,8.224190671643985,6.7611375312085205,8.430673976663707,8.573471758541674,6.519503327162857,7.072711439827523,8.537586269384736,7.749232697065212,8.020858938821956,6.189850593015945,6.787952918125425,8.018440232217845,7.822054462975323,9.053881164291134,9.212784024342108,6.489575046721302,,3.772916780226874,4.7822827690272005,6.020893712310702,6.587926419946257,7.031068783808336,2.2980585755011225,5.8493922550022,4.746999268902851,6.814632362483189
182,1933-01-01,8.088629543348091,7.655044981860946,9.086518448813708,8.759167222079268,8.21179758242666,6.8191317125857625,8.468868891739678,8.618006675448736,6.594140302986869,7.215996252563297,8.452436353381403,7.742823559940228,8.075295823100479,6.342615704752308,6.654617028575782,8.055206826638447,7.750523975320051,9.040393381418047,9.276635423541665,6.819716363707679,,3.6025146920169577,4.886601791904825,5.856208973486805,7.055318543407868,6.72169489791186,4.178724412743251,5.848087366409623,4.7144466172449615,6.82968320630542
183,1934-01-01,8.131454339217868,7.6189282161807705,9.113934239620233,8.88892476449563,8.293572098382999,7.016497980682964,8.477238187855727,8.725590191611719,6.8494754326375995,7.305056166854219,8.441408187406664,7.851006354449371,8.102696081183893,6.3547801542845,6.724283559998963,8.159399193871566,7.74501702429851,9.113461768950462,9.333054862327343,6.968557028263352,,3.3346618492957187,4.845148273475238,6.04933806189421,7.052223439215387,7.329150726187118,4.486543771531954,5.836885426603465,4.810868959813284,6.932496922099628
184,1935-01-01,8.229747256659099,7.630959426695125,9.065551490761676,8.865278030447596,8.326384581884,6.892062316239803,8.44733191211193,8.820305293766882,6.976106059498456,7.338287947843472,8.394398546390416,7.886031098699701,8.128297218999386,6.408974570694477,6.818431498191659,8.206968950174645,7.7329290201135805,9.123001616693333,9.36435310708633,7.008547212380266,,3.3183925099651406,5.000293622435206,6.061823333534356,7.096153270310347,7.456059339778676,5.657541095771276,5.878712380463757,4.8407591434491355,7.040383170020003
185,1936-01-01,8.291889746184411,7.607434056398572,9.108175000296876,8.945107019178398,8.353109615923241,7.229719037736252,8.4618102286153,8.912656889983754,6.619097916274577,7.418737359704776,8.452843686389258,7.88517280640159,8.188359065389335,6.338129357926302,5.78388508194024,8.295457779060419,7.7759032186702886,9.174411540972939,9.495892803876032,6.974560407069848,,3.3713765016720263,4.9119251634123815,6.193169646528544,7.112648775208163,6.80533062041547,5.792861480676946,5.965351768043521,4.809371311542752,7.051346107602578
186,1937-01-01,8.348015409069344,7.72356247227797,9.290042547196332,9.017971204754067,8.378094587265831,7.534725089330027,8.55579213505745,9.025834426453253,6.956708582687157,7.473935994937348,8.541139619321113,7.924266382055494,8.302159013341273,6.5033270857689836,5.345606889247614,8.437259092673516,7.8262399660119994,9.201106709776466,9.534897914451015,7.006144863728239,,3.64226027885676,5.0596472382143665,6.243859983380825,7.269094868322158,7.877923592827799,5.781046404940806,6.050831018444324,4.897509427440075,7.159885029016923
187,1938-01-01,8.309995265868206,6.754567164517496,9.15455191662965,8.919476108177003,8.26299235933463,7.35223506011062,8.479126434125355,9.080046933309871,6.944285387375996,7.514552227931842,8.51532478035621,7.882186222984618,8.180902682150817,6.310721180367534,6.260585882197743,8.33192792550142,7.823023064160559,9.154930645160968,9.359510938287702,7.034456243407227,,3.675041838821711,5.040559295905062,5.9989397247381975,7.158245699074894,7.433249005771643,5.8451253450489995,6.081187830954553,4.996462048107701,7.116805196927201
188,1939-01-01,8.43704930471331,6.860182695821263,9.081564642208868,9.014114226416314,8.363717272935826,7.187766251057357,8.444321542271314,9.145273295047364,6.959153536514688,7.477075768135325,8.442180586531386,7.917601509122131,8.352439259888461,6.441537956331466,6.424071004303711,8.441652553612496,7.945264065734925,9.15225156211334,9.448569255777354,6.917535858470778,,3.812680013398887,4.995942930970183,3.5655292280399755,6.8286927760354725,7.5461698972795475,6.253015343181919,6.095671412492532,4.961145650948852,7.0313383257118645
189,1940-01-01,8.32538544210671,6.999919712096217,8.915614619728425,9.137927433509129,8.261471046708266,6.440471150271113,8.120348363167533,9.146108924566818,7.0095034979416875,7.650711762806021,8.234567712526347,7.9764696675792335,7.6924841732278795,6.231196265517518,6.733714009765199,7.975731062491445,7.585212454675165,9.196293039470174,9.555448148087965,6.948414981852802,,3.7593758596971143,5.062324830768541,3.4886302967762317,6.713401751691637,8.09096348130611,6.119148986664745,6.090508623149736,5.005871275430459,7.038027277134218
190,1941-01-01,8.489276333653486,7.076275460664017,8.972462119640667,9.22775094697552,8.413619153954167,6.777217625542964,8.01659213832398,9.150109126310602,6.866838506792874,7.645464122866039,8.32948694680426,8.030317267088341,7.3849317007311495,6.190032173621963,6.720035940028926,7.765000725047861,7.352043657706439,9.184936188251898,9.631635828200984,6.986648632346063,,3.7908017558674545,5.007231121276606,2.913960166776584,6.6874342672702,8.270403282095932,5.983221996471234,5.660121009475654,5.014893036876553,6.981854163594141
191,1942-01-01,8.535683421989749,7.139864679146676,8.91089036698281,9.302086471712727,8.348571792464238,6.631368042752836,8.04296660727338,9.152416310645425,6.837056620837245,7.586622784114482,8.250416601323007,8.04306578125094,7.339011213791772,5.9585171388219464,6.781812683809729,7.614198699449865,7.218021851387964,9.179526796947997,9.69387843145921,7.009866523758782,,3.5969714405721955,4.915578535938198,3.4333056805713547,6.8108784718773,7.985509620100092,6.0663906661048985,6.01300657073311,5.00222293799862,6.782394023644007
192,1943-01-01,8.484601755030916,7.2537306478820955,8.85726296342225,9.341867340658645,8.561598592248703,6.967316116881092,8.075383725475756,9.175532616791136,5.060774230693837,7.592751701762303,8.253284602059615,8.099247957547458,7.493994646586768,5.92137230090477,6.807750757696838,7.800816243040822,7.264945126190156,9.141034251442413,9.712903293997227,7.042031812768184,,3.480725117269118,4.990677092591672,3.3723535948521253,6.878747232661815,7.852584150390419,5.930390444254832,5.991176735910139,4.852474478038124,6.759464144203792
193,1944-01-01,8.45200770407486,7.226397461760159,8.294170697784503,9.346159065626829,8.532607150308486,6.5936671053375004,7.629511700852963,9.059393664371086,4.371797301555884,7.495094746143791,7.8420892455199205,8.10472009002688,7.375395824225234,6.010782829296041,6.878193747173808,7.549031254293775,6.928484176893013,9.107834741672114,9.774461306708888,7.028107064530256,,3.8371945791624733,4.873572422622847,2.7148911088859826,6.843217376919631,8.210526405019822,6.142871877636166,6.193331730836811,4.863279202768346,6.786742121167291
194,1945-01-01,8.395881036835101,6.509489155443674,8.444962235610266,9.262129734852525,8.153295403959289,5.140272962021429,7.9016575540560465,7.442341691445565,4.563804998251159,6.914015019810274,7.367253489877447,8.111463474842624,7.169388868189811,6.029736490322137,6.962078343948756,6.53229831281573,5.908615557743069,9.047668325962235,9.727991720245113,6.92475336129236,,3.967722723339847,4.996012838974036,2.198862132287309,6.796869461934883,8.225198414819037,6.060017515439143,6.090693845662428,4.955246229067784,6.860826917506604
195,1946-01-01,8.464520299849271,7.509113010399877,8.817071401613722,9.302543906349115,8.367842029667925,6.760735533190162,8.319952460291457,7.903938399554462,6.1848727697205055,6.526998175937531,8.102640748917926,8.054493353142737,7.725093093041999,6.174185222763752,6.947903781542129,7.859070495828737,7.164032275696556,9.090332845667362,9.673202276861561,6.868479302632849,,4.217670400396783,5.061822206142464,2.8218249346379514,6.6964380836403326,9.821752600236074,6.135379615570483,5.958113081606702,4.931583589276231,6.957066029408648
196,1947-01-01,8.52137530248906,7.836483279679497,9.181621819111445,9.317990752844722,8.552451930716748,7.254154021926745,8.415812726918833,8.136193451935158,6.684494458628846,6.799369230112408,8.441548472333025,8.018443496680804,8.120031617614453,6.5191647713323,7.044308906427685,8.214014128982535,7.6451343367166595,9.140260674810252,9.750315271229317,6.899421044769636,,4.230255190323564,5.220071330705996,3.109253054710299,6.703947674321793,8.427862326753077,6.129498237061765,5.978067991923832,5.1329040449233,7.0643256296098365
197,1948-01-01,8.51409907710847,8.167241182312436,9.205307346551253,9.395726405245007,8.313443882274834,7.679894946271113,8.473098251578934,8.324966688708443,6.642365160968033,7.002969208811752,8.481974093762426,8.007972752555702,8.141611306764005,6.456656701509548,7.084765071338354,8.40725819822975,7.710318076938299,9.160844118319504,9.771162685113225,6.965809426798301,,4.218145121507051,5.065546684061723,5.162606730347903,6.764505448354917,8.611161405895649,5.98162277019319,6.05589715237813,5.121722233874442,7.074364531983345
198,1949-01-01,8.467675312090687,8.2509482511609,9.146962276270655,9.2851381526132,8.29272109840673,7.128007751291255,8.617420285016996,8.44176385467916,6.747672844066765,7.091587966076371,8.532389732278283,8.00657723745492,8.077565509788462,6.497506686762481,7.165862128584517,8.258961497599051,7.517853792735366,9.174781167853595,9.577331941626944,6.8930502683291355,,4.205265458643391,4.978972488214761,5.342889550452009,6.785286361689365,8.688578504427674,6.09101115992947,6.038800076243632,5.161673901031694,6.993600647349627
199,1950-01-01,8.798925830015282,8.011701377909818,9.085800682804456,9.306591211546172,8.547373923230172,7.399150514775629,8.46843630789155,8.533743626359596,6.780702522515025,7.110519526426644,8.532169795632306,8.41063462205016,7.857609125269323,6.501699786095505,7.072011967002115,8.316289129056283,7.688318331477264,9.209501871431554,9.721232470274817,7.236292293285693,5.3758922060848,7.020799905634409,5.908781192525392,6.303020176158388,6.389825102061375,8.942206531708054,6.4732187732729125,5.392742195331004,5.2240188512796255,6.977368547356276
200,1951-01-01,8.845381058659735,8.119095364795763,9.241614166636051,9.338011336831661,8.536761879744633,7.587486200451351,8.58326953112595,8.662373076641266,6.9382194147519725,7.280107541518831,8.586706422243962,8.342641252553838,7.964957598343433,6.455511859254562,7.066107471670993,8.46261530072262,7.8605406571596905,9.291253771353562,9.733949035062373,7.3767069002554235,5.2960334116866195,7.074169430878707,5.977030539341036,6.3952371888120485,6.414321386912849,9.11490767028075,6.526696501114721,5.31615198005904,5.253195945808704,7.083485087223049
201,1952-01-01,8.84404742104943,8.06750838666017,9.166375942772866,9.28646731278683,8.573379715906833,7.658393954304481,8.568148127344346,8.716536495580927,6.96924468407354,7.319776402516644,8.570697279127124,8.450326026684227,7.977132301211175,6.443124118099334,7.1843142495328465,8.486779068825843,7.755440692209412,9.257889777298328,9.690729312644654,7.417319448887264,5.49243705323023,7.245221267029912,6.0890264486688555,6.431627091200361,6.472316270716534,9.14171475475481,6.550800301750154,5.529945840209617,5.286863390464196,7.1193943259227614
202,1953-01-01,8.812246730850244,8.050598009778136,9.147832409352795,9.267429109961292,8.576250140422369,7.512192688970792,8.504637502532704,8.691877972213447,7.064088812021265,7.417436660422545,8.570037843945551,8.338146402260906,7.977376877427068,6.539626314378083,7.210196572418778,8.421561057684604,7.659839721708219,9.2764930576978,9.697724545306814,7.380243354038782,5.526660716593554,7.337284015631516,6.071449440358051,6.438998113400539,6.50788092009797,9.040896437396905,6.739356857018004,5.418324699327616,5.286891014457451,7.076716567941243
203,1954-01-01,8.921505997851426,8.17041115287243,9.18308454323399,9.25262216425458,8.667497328374019,7.691059216621119,8.550702364537843,8.746804099330554,7.205145622071218,7.382589055335552,8.613531470133918,8.374876716265252,7.977558280822909,6.509698913609189,7.221548646473823,8.473760781077717,7.847173771798214,9.296201363799481,9.631907951421875,7.425133208669776,5.351230297351275,7.38685580717871,6.205075250108042,6.4689645426416895,6.605121849477149,9.066282019013608,6.595637560811941,5.552373862985191,5.318879509260914,7.035307563140566
204,1955-01-01,8.939220237318226,8.340245180388333,9.248250846268203,9.265632560029237,8.716557104556422,7.8566989585295905,8.59600868586297,8.843046703124543,7.318959048819098,7.366069118711218,8.64431503830745,8.38968413743929,8.111874713941482,6.612241036651957,7.226433665819039,8.59219108301101,7.914885166334017,9.335032536960224,9.70602165275248,7.451053307350814,5.254863374716794,7.419038909915151,6.312484857908579,6.618127692604415,6.561107896525332,9.179066885019388,6.77994620931343,5.743237148872007,5.382588035118257,7.094790697615589
205,1956-01-01,8.948200398570872,8.309268470485282,9.29248570880905,9.35462767335313,8.684472684199395,7.953346052268595,8.702583204499478,8.910008871286205,7.4434636295894805,7.479755941487375,8.696461471079711,8.399747095136382,8.148509908754278,6.708291560023335,7.26752407160668,8.688770218948058,8.127317685727903,9.325792803222468,9.735341831862387,7.449708158909528,5.069837893513453,7.429623260479322,6.356097773281269,6.664397078054218,6.5645944385848125,9.222003946307652,6.801451142807058,5.7953130088265254,5.397120803043692,7.124882432904095
206,1957-01-01,8.946297738776105,8.341290578705927,9.28216594265276,9.28333971096407,8.622240994895915,7.949517698467566,8.724533036790401,8.911276049941101,7.480404303406138,7.6286694687742544,8.673600204685789,8.43964506675233,8.088396925238172,6.784145575839722,7.429350799300868,8.571757193127274,8.147857025701716,9.314684432661377,9.708713564201343,7.417788099572984,5.53601087226936,7.511934910649953,6.3089228614124515,6.736846106671381,6.593736407991476,9.248694002213425,6.849550606020613,5.631930054761269,5.492357159651923,7.250464770528807
207,1958-01-01,8.966299657321128,8.30008247698358,9.179448940855737,9.253529226684886,8.689348332038152,7.7980334578456185,8.671760152421545,8.853697047229975,7.480440002185836,7.582285506222735,8.69397436761646,8.404372733382667,8.064270462453587,6.746526470549555,7.527305754218739,8.645475526777867,8.050667684211753,9.2846962859479,9.660512927004335,7.453785541733905,5.336610984884427,7.389301980423235,6.361289451798613,6.816281643610298,6.666396750920142,8.962696412020696,6.841067129540837,5.75974965250093,5.514827510839152,7.3104431830526275
208,1959-01-01,9.020364535936396,8.289950195833748,9.180947313019567,9.243009801233114,8.65382176305966,8.035332952053649,8.645272903931595,8.840508831553796,7.5447293217289,7.633867202677078,8.68611282264971,8.396451960229191,8.110001612947954,6.793052020936771,7.448228586232453,8.648040579734689,8.05857224542283,9.261711290766387,9.673525064007267,7.449248578358792,5.363216425491962,7.473485120964706,6.330488826989426,6.8925330123872595,6.617396831805455,9.10193402871884,6.949516541821363,5.709224731567057,5.552219146363414,7.354383662869619
209,1960-01-01,9.049313791237912,8.383291930305923,9.20829052443926,9.264819031926084,8.779665152466995,8.13443029699865,8.669423481333945,8.923439721759676,7.686408327450174,7.813581036692749,8.763980011723692,8.49027010585545,8.204825917189632,6.813649360097971,7.375775986500724,8.79186602959044,8.200017028790423,9.31979735465804,9.68033019841344,7.483551520586457,5.428724497624867,7.442345019936014,6.483530783554559,7.029535763659022,6.7130210445538365,8.929619599987477,6.936005733394468,5.990016814037911,5.627040440872618,7.400040726968926
210,1961-01-01,9.053352233847917,8.411023824496137,9.2226520066572,9.251512481536768,8.836962649965745,8.116380633070273,8.693994066334415,8.927300097795497,7.810027113987283,8.000342583038078,8.782684424092022,8.484189550316863,8.21573516811661,6.914299172159179,7.459867859868965,8.778979834100566,8.21579974262246,9.319433344667265,9.66022136187597,7.529388379076453,5.434678799200989,7.382534726925819,6.501921798398462,7.0645732225909965,6.740416855569024,8.797383050311364,7.008234210058423,5.892105717540193,5.682554137374217,7.402056315840413
211,1962-01-01,9.081635450987886,8.467028033726873,9.272723802705839,9.297675894024437,8.980489759387487,8.227527116515038,8.734163257333435,8.980238728190498,7.965736071283853,8.02608403146794,8.862321257572367,8.412862999440247,8.26065442457002,6.9386892878087645,7.5639340876870795,8.822836483541094,8.357743776321557,9.317771929453738,9.681214715664408,7.65008403823063,5.500951295697901,7.342048601162169,6.55984007815003,7.092740942322988,6.854447881388665,8.801506463217935,7.041418630282226,5.812495115301287,5.755768059458225,7.347126109596716
212,1963-01-01,9.125137918759124,8.547759980116938,9.340939626743927,9.297808389900785,9.070101801169919,8.36162204826224,8.83124541943419,9.059883118850168,8.076662094932232,8.119494082626384,8.939046593279217,8.478906411539482,8.315447226387748,7.006644517829552,7.534519543488612,8.893149487266022,8.522704973083197,9.329020824879844,9.710070395355071,7.663995820730022,5.463982483906209,7.403161067474637,6.565491623042549,7.276331548381397,6.851596948465341,8.803246265765756,7.099642737841402,5.920532642299488,5.805366512787406,7.354919197651603
213,1964-01-01,9.18136900995564,8.592486915215199,9.311702091737061,9.398011114119306,9.121517524838929,8.522019294887839,8.85309813092582,9.073340648462404,8.134471241628981,8.208773594501446,8.985654788348395,8.528404096628048,8.3853353541223,7.096995570073643,7.615432580899579,8.973134169017968,8.473132385041746,9.329696999260548,9.73909148460825,7.651446252465747,5.331596719224849,7.444974635035152,6.555832293266329,7.348435940256929,7.0037394933736845,8.77454273903236,7.0901063175600365,6.068027773485138,5.76149191574323,7.43652704464617
214,1965-01-01,9.266210888694385,8.566401655386347,9.320092392982044,9.438513808882432,9.139742113369397,8.621523848323127,8.862911668698805,9.059716401602826,8.202557989334624,8.27203548055023,9.008942491327097,8.554214267605444,8.391064629861567,7.147210384100354,7.703719517634057,8.999352613523275,8.538999596810179,9.346246933832028,9.767193790864331,7.643840346286691,5.46422897631502,7.62588109753867,6.520237776889628,7.5965196475504495,6.950276678938389,8.810422851939373,7.112628562801804,6.097984415147445,5.83542601165989,7.418707272627972
215,1966-01-01,9.242272502127527,8.587040971454476,9.311565283705853,9.447905830134493,9.254237869907467,8.770912541382414,8.84066854163706,9.036031960593462,8.317289769197828,8.34433028958481,9.026718123807267,8.559273015957528,8.558695213870305,7.1709893295154945,7.781227526137948,9.137460216050174,8.567566205905065,9.33433519162201,9.804830794774485,7.679552454875616,5.441669620428083,7.594033429958479,6.622197103905909,7.680272564700089,7.0244266235040165,8.711973913276136,7.1098319372948735,6.12908272788106,5.849330293278385,7.461082815134888
216,1967-01-01,9.295418142346996,8.59743342918929,9.327768133126527,9.513394014021463,9.224447656782008,8.734461370656986,8.901736289309232,9.023480332587154,8.400911288445956,8.488533206382025,9.045109831477975,8.517229112549561,8.538034194680687,7.217583580292151,7.876161494210313,9.07908598410702,8.588725997985811,9.285548280290884,9.830826419168721,7.684314618055195,5.520299130833999,7.482726689333315,6.622427428258921,7.714706383599832,7.026064452467636,8.821497712948279,7.131325625892752,6.168019111810921,5.830101598822764,7.537587568022648
217,1968-01-01,9.316890211888216,8.650168697799275,9.422455656733604,9.571953721244656,9.30163081373379,8.88195992776452,8.927549272777352,9.088615618667887,8.45715648929662,8.615672411948903,9.096475581693324,8.494629999018306,8.618950164985952,7.2635863389395565,7.98035226313078,9.192041957829437,8.678538364817083,9.305016740253029,9.856887918108228,7.762405581499572,5.591842685876463,7.472581061505203,6.75090521396575,7.845286803141955,7.058302970545387,8.785174894662767,7.177132496077633,6.322392898789843,5.890683987524421,7.54857926843089
218,1969-01-01,9.349362255222598,8.70056838932734,9.461868220808013,9.570273373237589,9.404745895592908,9.012418845519546,8.990832855754704,9.157054037114207,8.529953652262671,8.754401081053787,9.105438963562573,8.540548515547613,8.660512085812295,7.381699806445383,7.967734314750325,9.292094542898253,8.72139381687328,9.335979884127767,9.896359491277478,7.80463579357936,5.856768250060704,7.599495975484073,6.808491852711811,7.973787157715766,7.084048341604102,8.801129613891465,7.2034325756458415,6.434959134580672,5.887595970884887,7.60154245047602
219,1970-01-01,9.363928174282485,8.823030550802809,9.475327224649309,9.661447992602035,9.441424827893972,9.079051478127553,9.042619300203167,9.170129469301132,8.61792655160581,8.904913622388959,9.29569021792556,8.521054611449344,8.885234657381039,7.430760929792118,8.146606632527503,9.348853503948117,8.768726169293574,9.370670863507502,9.957561460380619,7.875750592393072,5.6527649229929295,7.6176202040081105,6.887455648968647,7.918748629436931,7.206436646788295,8.843723105930357,7.189529898741817,6.580839863186803,5.888068992235362,7.678553601332339
220,1971-01-01,9.376611728082114,8.8470222555155,9.438613547037043,9.68086970643443,9.349861167955423,9.082408386925247,9.084742829043845,9.1713789455804,8.660353296647543,8.928714726054812,9.275884034789334,8.563664986414203,8.849148350363587,7.509249128291123,8.233021280122419,9.253958426214522,8.79667227932622,9.377612350154275,9.951334580466522,7.951596854008228,5.515309591561469,7.628205315315909,6.95127283306314,8.055029445844943,7.223916528269305,8.632333000119257,7.229058598835003,6.537594060467474,5.9178308647104645,7.750234242034181
221,1972-01-01,9.38862307983771,8.91577020624316,9.50862785842767,9.747022744899363,9.38838902969166,9.160972305257694,9.1147691364338,9.175928964760097,8.707991621892093,8.982367989074927,9.379042272469226,8.617894692077753,8.920287326602908,7.623430918639539,8.343328847961416,9.253250782611397,8.811823907904458,9.355635745192147,9.98730659707796,7.972858986227094,5.5986744439219915,7.672028700054895,7.033258296108428,8.175280779604023,7.1719117627521,8.600451857477672,7.241725945524175,6.592334360500353,5.951198761778298,7.768960078960826
222,1973-01-01,9.455582329272113,8.978517638447919,9.565237982649366,9.736027045494168,9.375991393746087,9.267126136298788,9.178468159133047,9.224715928630296,8.774323742831443,9.038841299789318,9.419490015889085,8.713298712948214,8.949873265336498,7.709113009001516,8.402874242756635,9.281443055897071,8.879395684748317,9.370952452302472,10.021740794394196,7.9352891669199455,5.6214703682693745,7.619654721216358,7.1543617409668645,8.33627357219528,7.227532578708995,8.629020006157821,7.286745366142161,6.6988001948904525,5.957905057909181,7.826818704184975
223,1974-01-01,9.447315707985855,8.93098318838044,9.535571721152998,9.743795601029134,9.298055292166039,9.20553561761156,9.137277618109145,9.194943315605004,8.780770338648558,9.025681619008218,9.380020807250713,8.72141466407485,8.846471950470736,7.730520123530217,8.501325931141265,9.189030019244473,8.767363959431032,9.304264128121172,9.975944501467017,7.8539102032831805,5.37671355755376,7.602209470226832,7.208633972366316,8.304342007245227,7.277834937328249,8.718999637692287,7.3433387313347565,6.816032089969204,5.969267022714828,7.87161314334919
224,1975-01-01,9.454985919718276,8.878615130187043,9.430744838302145,9.74750403733789,9.307809005834606,9.188607905470253,9.021982936668184,9.115554986193974,8.725796755779491,8.961653030677482,9.324334140762907,8.675431434211443,8.90988414547178,7.727227697857772,8.538487843342589,9.196753392217898,8.716970470587906,9.281554956972636,9.923399196913033,7.71643386964812,5.348247133814609,7.64926992371068,7.235888347211257,8.36569491911656,7.278481113402122,8.524141249387668,7.305139827125569,6.976857132633888,6.0294552238839705,7.90491541290245
225,1976-01-01,9.43521338304042,8.951731548614996,9.491861044481665,9.739768458409928,9.380496807314785,9.29203490681156,9.141581492387566,9.228264311614785,8.79150372081458,8.994598555413594,9.41920181107792,8.716066247121372,8.893134433257199,7.753824911792976,8.614829568801166,9.281780353065667,8.762830728953414,9.27384773603127,9.959755184615936,7.745200998575192,5.299256688351773,7.630949124760128,7.237228336292115,8.451258130153487,7.273139840637066,8.385594478739982,7.343394225777218,7.044785787449054,6.053172623521185,7.9927670420393975
226,1977-01-01,9.498727764726116,8.91302044208234,9.46394774775929,9.749860055878699,9.40546175594765,9.268354507482982,9.087366331304862,9.17061684346992,8.756770377552778,9.013454948156204,9.38081396419097,8.766279926866325,8.946976110992383,7.763093064288409,8.588513458072697,9.249366859270074,8.780246800233353,9.284022399843165,9.97731795787943,7.687161738780953,5.3222438177239635,7.582117712779266,7.261804095738755,8.526975877594321,7.285973681884394,8.459495711360583,7.356734568744299,6.935593971054495,6.0871021969474475,8.014529497602233
227,1978-01-01,9.559438723281744,8.93608401050816,9.533935122376349,9.758626455214783,9.390486946342872,9.298661682484614,9.133942707588458,9.20308060931385,8.800331649091497,8.970283386349221,9.412245487199497,8.646200966858933,9.056301430201932,7.760000884346234,8.601380730696947,9.1705746277685,8.804900158671781,9.284793729820242,9.997569919561089,7.665170708533804,5.471403981819036,7.591978046852724,7.319541941898226,8.536765260703028,7.221348987072925,8.503258520442976,7.396228276938209,7.238496040532565,6.079650882033763,8.134422267308803
228,1979-01-01,9.562357028007076,9.006858065685895,9.564892438416303,9.809693377388912,9.418345840969938,9.34167186102059,9.174690581195309,9.245538583553468,8.835487475540308,9.01747436741577,9.502002639590577,8.557638932766544,9.036960028794635,7.85321337429082,8.608319544806703,9.234023458951931,8.745835901371844,9.347425283659623,9.988767459537646,7.730251908184411,5.555788124065885,7.675264738017863,7.357577887354219,8.58897025779521,7.186873091559903,8.58186235864922,7.440876651785451,7.364806593393229,6.102839278783484,8.189939804147208
229,1980-01-01,9.622658320007742,8.843395587529077,9.528112885694854,9.799378981141363,9.37449913144463,9.408098219903733,9.123702930111854,9.215378278538449,8.837879323700822,9.001134289532613,9.437490092999047,8.613807992902021,9.139247495113327,7.922938712149111,8.65437930590256,9.063616240686038,8.756024628230058,9.238616458511567,9.939853957743319,7.730821250932406,5.422783884956557,7.597117832464542,7.326999937004769,8.581789689842251,7.240425243184086,8.723984158874448,7.417928036754211,7.436776108596734,6.136578763387582,8.27582919388157
230,1981-01-01,9.64448159261405,8.911956103782284,9.440495999080088,9.75668063998139,9.221472418981286,9.280929600034378,9.012833061465221,9.144986132228572,8.808417769691031,8.974819544007653,9.356956433948998,8.554167345451674,9.193928318015049,7.924502377303686,8.61085859116465,9.029426160944908,8.707433443024845,9.204994692900902,9.88957959711564,7.6854040207267165,5.573574548033,7.543049777986057,7.217904452406675,8.558966826185765,7.213443728099313,8.710126989772768,7.398547835380719,7.6257732612168745,6.19369183588869,8.310537451545844
231,1982-01-01,9.644795141313859,8.869493897275683,9.386533587313217,9.708658981719012,9.258364960472472,9.096686022331626,8.967518941585631,9.09888965369682,8.785525318654594,8.935840019129357,9.147010129324324,8.64290426519565,9.208009347179603,7.995366250527432,8.61727021003127,8.920314477841993,8.641727233576741,9.183581082172656,9.828147088289063,7.492590929287585,5.666004349830992,7.4036676224973,7.196246834375431,8.580847072135064,7.1720472162708075,8.696107794831464,7.408565567338452,7.743102251677192,6.202207942898124,8.355868619852627
232,1983-01-01,9.592885855350758,8.836748496060705,9.241071246636578,9.68374197133636,9.191243403416182,9.055117894440206,8.9301064358776,9.098766840091743,8.761101306648111,8.910640000031192,9.172256477281211,8.61504676054791,9.114164990862632,8.025188100827284,8.58770000645008,8.853579082269043,8.726398718458961,9.177739278917077,9.827184506543654,7.4861445801227084,5.734784575043711,7.152372074402357,7.141045102923943,8.638422495696183,7.003102572830662,8.663594262341988,7.460383232607932,7.730037694357559,6.261008761782112,8.241549271739661
233,1984-01-01,9.632619444139888,8.884783645810694,9.277722770559404,9.714684054670581,9.205341218616802,9.065962659901212,8.882753593869849,9.11920577964476,8.777165359100568,8.965990918070329,9.216254180259899,8.674324126552019,9.187301215415644,7.986220056755721,8.553734492010573,8.835937719552653,8.699424310954422,9.145805118150319,9.848753312652203,7.5330645421102504,5.493309241626421,7.045041622586975,7.133466762489041,8.660530561482616,6.992527248048839,8.636649601223384,7.428569052381606,7.786787174344375,6.263769215108924,8.215470162048458
234,1985-01-01,9.640163625446004,8.886789110120274,9.268378720412867,9.697100002054846,9.371390886491211,9.223473796421938,8.867354045209192,9.11435012355726,8.788686022576425,8.93335757729451,9.231067435390516,8.78867901565403,9.190653454149885,7.926308418590112,8.56066038076297,8.918962937161432,8.710742426365275,9.199067578838607,9.843704294842738,7.485403811358862,5.498886832199885,6.998052613623162,7.184860634821234,8.717183275421563,6.911869231985687,8.692566305840982,7.3940536511319115,7.670594523932153,6.337057281433246,8.231676819767701
235,1986-01-01,9.62192846984928,8.874275840460706,9.252591684634607,9.645869141034538,9.350388928159079,9.291461857765979,8.82437811844798,9.114223547257932,8.773258394791187,8.9271964757458,9.206056577835838,8.832319840776314,9.332439295464589,8.032868871886794,8.50120280064895,8.910853427451764,8.764875194782903,9.211773890919384,9.835232559353361,7.503569923781237,5.418348666343479,6.955520267794064,7.257432619148377,8.689789800618634,7.003408157779202,8.744601446365596,7.387194719362231,7.403954665917955,6.386000995263348,8.230869991671103
236,1987-01-01,9.672235625983102,8.938410572783841,9.25409011834918,9.695654824854595,9.339551636530356,9.366564140050073,8.798446338306588,9.09327820570609,8.819242434305458,8.911734641909963,9.249890896758155,8.880846563515318,9.182383621957761,8.06481346202789,8.498893563374176,8.869380024537522,8.708323209951288,9.2139358514311,9.868343599522937,7.506008041672236,5.499192024665027,7.0628866893743965,7.27999871696805,8.75832493186628,7.147822932565368,8.731751719473273,7.394135100751571,7.367433640329686,6.429557908576818,8.252208405288165
237,1988-01-01,9.675551303627723,8.856324462889521,9.225549787929022,9.738433080502217,9.282032988029885,9.263844708654803,8.779692695927233,9.095277070046452,8.834963853611438,8.995499035738955,9.205595810334094,8.930173065308587,9.219679624079957,8.107403173468036,8.536287475784304,8.826049829858952,8.71153337085515,9.20835826743961,9.901873695586668,7.660929564994989,5.330443129196878,7.356893489347879,7.269091820258753,8.826257765387902,7.100323092802759,8.750999869387055,7.412063972762433,7.475034666291024,6.485183103166279,8.230767124320073
238,1989-01-01,9.720284063881616,8.86710701147411,9.288552014316387,9.73628693901545,9.159582920390516,9.268284246468934,8.818213159185246,9.069484344691269,8.882807562140345,9.027677485856948,9.304197593127668,8.925416520945852,9.366007638050634,8.331559951870629,8.662211881218333,8.785491287180475,8.671680365638418,9.225020123302286,9.905153388408594,7.828128319496016,5.314287188831867,7.365536075321771,7.272190470660477,8.908638948999194,6.939841097194651,8.661219820246195,7.407165619535764,7.609378537971543,6.557331694729564,8.375811546876472
239,1990-01-01,9.650837473799443,8.911356459461185,9.26343419373722,9.659274919220884,9.185240448526828,9.24495100451398,8.765998071267441,9.089805011898058,8.893212940300161,9.090801239259855,9.292895143929414,8.838195262467455,8.913738814931438,8.347145887073115,8.613607660549315,8.710708128401436,8.735322555908272,9.175894425285842,9.866403426149933,7.83252573043537,5.4043111080697,7.144827103459809,7.2196495510631555,8.883290886611348,6.89212134227551,8.747394086181979,7.450504892727082,7.3679359711703665,6.600274329024524,8.225037363840535
240,1991-01-01,9.630364702896584,8.966258959424403,9.305199188957573,9.627505508340747,9.364881584011878,9.277132159121306,8.79958376350424,9.36137203385339,8.906173039663615,9.089750749312758,9.319069934465954,8.849059218606453,8.926838600421332,8.388118637337527,8.643597750698572,8.695809354469372,8.725150378987305,9.192516935560887,9.852534308848666,7.7517455958488695,5.469016206469738,7.273496309562067,7.2514370060009865,8.879935420295629,6.8401688485464645,8.666994931717035,7.4258591899026385,7.338356705567829,6.643093087093699,8.248654324394087
241,1992-01-01,9.644910649452395,8.872406456263086,9.30930780341571,9.648208530340144,9.257601759879693,9.148259110842663,8.730378655280312,9.312055439572068,8.898051704988415,9.10822799642682,9.29927750565805,8.878284721612806,8.919237506148589,8.479259429493979,8.674645286944246,8.680215853023972,8.716360070867598,9.171173117813156,9.856883813358051,7.763427671815895,5.672108866483407,7.397623631048632,7.242290698672958,8.900998294890112,6.8307102125761165,8.558640310509757,7.48878184506097,7.63554529667788,6.684821543465223,8.239654331066541
242,1993-01-01,9.67026496948847,8.87156431367146,9.266160869520975,9.647645029409073,9.303881218728497,9.20385398108763,8.710044184242458,9.289277638644766,8.880012543889073,9.09249577109884,9.318088769419482,8.928019119020385,9.007054315305037,8.451979714834843,8.604780148433791,8.688681129410416,8.658428406183434,9.149688035756625,9.867657223366376,7.811073849548373,5.634227865612263,7.24568490949369,7.2701562691946835,8.885200166939386,6.938951987202493,8.69812264511214,7.499501801503432,7.7101238896296564,6.700168462940137,8.237560291717983
243,1994-01-01,9.66295075260123,8.868879687161277,9.304400044566275,9.663267881539563,9.367405194624707,9.326616029296723,8.643714998829251,9.271951756768846,8.869298791584812,9.145295676024208,9.310011683116937,8.913848084433813,8.965722032877387,8.464350240761952,8.66116827926351,8.740463164501572,8.664245203617483,9.149109677435124,9.868343758877582,7.8922913251203015,5.714770651824598,7.14107840842844,7.303666377531543,8.909459709577106,6.9118027192909635,8.721285799014671,7.53385863707536,7.105829607440421,6.736694337519667,8.25986330636432
244,1995-01-01,9.66371618960417,8.915362830168922,9.302206700480065,9.676674604256565,9.297673199740888,9.240599870600793,8.673182584487849,9.267332266935044,8.927946163711004,9.151341594002888,9.343839906160653,8.914994521105292,8.947269713184207,8.543705964061736,8.690592189375888,8.73988192371486,8.60554850155126,9.130846386085551,9.864224001755392,7.9688512071562725,5.772983169318394,7.2619417849166,7.351962860259935,8.9096620335531,6.929285236273103,8.726178871239117,7.389407166733869,7.602151589068611,6.777204926837974,8.186980948130683
245,1996-01-01,9.721843296172496,8.96943102447533,9.34928014363232,9.691269307824598,9.526471087785762,9.388011426048267,8.742237051102155,9.293520477613134,8.91352263458955,9.166944245609994,9.379202354425608,8.954243910877697,8.939461618328288,8.510195157791408,8.651018072197306,8.751699286766831,8.617298914912588,9.152587799650805,9.875362490146502,8.104998255560313,5.946083429207392,7.428386178473661,7.4362590127678505,8.922664163033124,6.893068460930679,8.623519900552486,7.389341937822737,7.6353606047035,6.841739868236133,8.21228216591023
246,1997-01-01,9.72400057046405,8.96151414382526,9.328823392107369,9.713575062343894,9.364467301253402,9.362805862456584,8.672772982261845,9.260856198136528,8.924095349531278,9.16131856963523,9.345388561552836,9.0228632366003,9.012003702849533,8.54851159224595,8.723447200045298,8.681224121432967,8.653224183016693,9.105209769547775,9.885245409958765,8.243146062136958,6.015645662035766,7.442041471222241,7.471468554307815,8.959393772955803,6.995625344005652,8.691453772091311,7.447928492523716,7.333179568172209,6.862751980933683,8.263552616114666
247,1998-01-01,9.749061839342353,8.974459396838707,9.359196209472898,9.727192223609322,9.328991046552758,9.309518537101306,8.740580043423677,9.252649001567509,8.945312345652194,9.122202878269494,9.343727037121623,8.983461338879755,9.049737561116812,8.629360180847389,8.753756009605368,8.69623819165792,8.655295897565592,9.11079361621631,9.879602464688297,8.251883168544705,6.037748034354216,7.458557897956674,7.494238462167838,9.001301640885298,6.9919658861471214,8.89623095111582,7.4475778265692165,7.517409455633825,6.864976191615565,8.30151503885743
248,1999-01-01,9.764031194851786,8.944407359073,9.314592430936619,9.736433296158461,9.24947974229014,9.278965643757083,8.71207064134843,9.21277558424,8.948513607803884,9.15318965448956,9.311034249356565,9.061387046020696,9.116928541238995,8.732938984686239,8.825587081726201,8.659201541949791,8.625233851950188,9.10550596659133,9.887077151582979,8.306288443242028,6.128393513759796,7.626790428845695,7.504786172937025,8.990696525322775,7.034463788760895,8.91187692632018,7.277217984164727,7.456414722900551,6.909180999861669,8.295209840486605
249,2000-01-01,9.764877627593943,8.947640125262058,9.321267138806736,9.763087102170122,9.176230578061018,9.216650244646958,8.68675950050418,9.220522156290386,8.967353126077253,9.17113467835039,9.308823174363535,9.066935826252159,9.084574299797275,8.697456780359893,8.861960381656063,8.622134967447654,8.578784767991932,9.121949633328844,9.909792731837324,8.24872614477621,6.295378107764205,7.383950117635244,7.514495700802136,9.03619955597459,7.052163781352103,8.765822918146924,7.2860918406659785,7.401880429332282,6.927372606744144,8.299791969201573
250,2001-01-01,9.737873866960154,9.000408223642438,9.304130327976296,9.740235178347982,9.203020644813797,9.294822040702611,8.721313478586852,9.246981349154378,8.965912843217641,9.154614740710718,9.331588500686376,9.099353559775706,9.134628053492227,8.68884642280224,8.864298903101876,8.654839245324338,8.667372800100084,9.125623348142858,9.882489488744799,8.13845659614093,6.307299399518774,7.33078376528817,7.528671196910792,9.058787562032466,6.927633494568721,8.873331216268035,7.249676199757713,7.4976070523451686,6.918380543191026,8.32379221074507
251,2002-01-01,9.77608801827382,9.012180026510435,9.244685821131268,9.712932872924881,9.18314375314345,9.374063524632534,8.707608324110952,9.216851332327977,8.967343939870858,9.166260514019124,9.330132827554724,9.043609881391161,9.031758421654235,8.754599126604079,8.903408725121658,8.76796205944335,8.606536127402004,9.089355211237242,9.881520271662753,8.161480325412866,6.357179336694063,7.228417021282492,7.499178032489208,9.053974404323027,6.9152102231375085,8.971148948001439,7.226239084910895,7.558855936957127,6.913384449376191,8.314036388584377
252,2003-01-01,9.74946802252829,9.077693693780738,9.295428772326321,9.7662412602799,9.253003453180447,9.484280569573496,8.715444008288163,9.207939865790465,8.996009664205216,9.182335417369064,9.33561565293347,9.051709643750552,9.199516101545154,8.667791118912179,8.90390123395623,8.717172848713748,8.585366384441052,9.10597416115403,9.878769441123698,8.158559459582413,6.34969332261574,7.219090335199181,7.454137879786795,9.072237199455365,6.871768203229461,8.947329540706686,7.243618055183299,7.617904975086823,6.939140808235672,8.362005786490732
253,2004-01-01,9.757343658540549,9.07297487610475,9.271503985134231,9.757127222996877,9.149834652356473,9.459749925164152,8.715894350764195,9.200814716864054,9.001956941754772,9.200624566589564,9.338620102638046,9.052583316829795,9.135090910635927,8.699406565918977,8.941508459475044,8.70860415564817,8.584343234492824,9.098849975351328,9.88362028693341,8.220690677193026,6.44509943386617,7.429948800923029,7.490813723020987,9.082517798219763,7.050459531798699,8.695572917554866,7.187483198952957,7.66925637176832,6.9712067942021925,8.352211644590007
254,2005-01-01,9.765331645668281,9.087830706963514,9.23991902605489,9.76380371713481,9.074672578231592,9.251677110950697,8.712395958646313,9.177068484344677,9.001166896651409,9.179124396262406,9.314554587110498,9.028922084196076,9.123447586155844,8.735365434019982,8.962318492168883,8.648657701366444,8.602607597847536,9.098163777230205,9.880126337185272,8.244008297667405,6.419729152006842,7.4573384177700905,7.5035570315068085,9.098398636750787,7.19159389363039,8.759014928512391,7.273707600887766,7.687925550556324,7.0130233414850744,8.395746452166696
255,2006-01-01,9.792294544023614,9.060651090729053,9.214637079119806,9.7705327252286,9.226621245214908,9.430775507015062,8.680110768666427,9.20210977843111,8.981459851745738,9.172890322952256,9.302508051536694,8.99679053234449,9.157156494406768,8.646514789375082,8.936035658036355,8.605963428051094,8.609233204338665,9.088497745378017,9.854596646890476,8.28127513777141,6.400659321188516,7.597238091000666,7.492562280832697,9.07734743550328,6.9153071249945315,8.718807710518064,7.2941644980967775,7.632231863159925,7.0609116889837775,8.410606045253566
256,2007-01-01,9.791969866501747,9.017447198064517,9.167976147031155,9.760064656389716,9.131180049332453,9.394914843984122,8.656118371500066,9.15844847000559,8.963327492096134,9.189499935295634,9.297608208272031,8.99351712418988,9.165223149742136,8.619090199088387,8.944180946699953,8.570518434944015,8.502709600374237,9.056082525682822,9.86108352264791,8.371070490563447,6.423642124149687,7.491548045084203,7.525771424433564,9.07850424936328,7.107011652496572,8.634424487162612,7.251204991534406,7.771357469680638,7.121978278448935,8.400633757118353
257,2008-01-01,9.806323909519413,9.010846444178048,9.180210689026422,9.721976835830846,9.063861938446436,9.277866372195263,8.643158635969513,9.16037129548201,8.923757452756647,9.15581561688068,9.286922587768212,9.00201524373042,9.36415424014408,8.587621009431354,8.86375111402459,8.587277963024427,8.550929705634365,9.035508355590263,9.82101991077669,8.362808492818592,6.403573639480523,7.812657127793512,7.579090459996091,9.068503965654477,7.262208350225824,8.734049742259552,7.340048924943982,7.625130948162867,7.19542566522152,8.413356072545715
258,2009-01-01,9.811316974353332,8.914081953437227,9.159418476968815,9.658917070598806,8.99329242404629,9.208949648003165,8.598341016777006,9.085281193333923,8.810857077845332,9.06500897286957,9.263815686532489,8.935035302732523,9.351147291966367,8.558327461476008,8.71261398709156,8.44637113917695,8.568311930184572,8.926602929236024,9.747653625970548,8.2797977267576,6.473142543942474,7.777635165838134,7.513996163778935,9.022315201281076,7.483197328935211,8.724468747835905,7.414295274639767,7.7061067505345235,7.2858553796330225,8.363632747034154
259,2010-01-01,9.787849046939543,8.985236053177205,9.214574309727993,9.631622412573421,9.017071646899739,9.35514944443159,8.597672303038394,9.137069506569985,8.818973682273587,9.125558301502911,9.324065754433443,8.905545471536513,9.222727942299425,8.452090783954935,8.644396225436333,8.62835984373525,8.490045457431659,8.962899555306356,9.764270503642281,8.347896067201162,6.474047849317891,7.543093119099942,7.638607790017453,8.928691936283608,7.583102656543741,8.792106850637833,7.452658651296321,7.760737567997514,7.2769918069712025,8.32610907959407
260,2011-01-01,9.769560525835423,8.938804663214805,9.103032837116013,9.622054316134767,8.892873084749064,9.261483826902628,8.564039330212958,9.103833640590308,8.793712732093676,9.14288561673854,9.250166598582386,8.891120600165745,9.055667191430459,8.426305453556134,8.638759050374633,8.614983613063217,8.423710101240378,8.858533767907483,9.73347714241731,8.428945287787817,6.600089505629355,7.735918852656852,7.673936160409496,8.882144156506383,7.417803766152127,8.700422766289416,7.437336332156402,7.817933430227136,7.328186606253465,8.356233308715597
261,2012-01-01,9.7371115425358,8.886978613848685,9.049158959317083,9.609408641021258,8.779309221306406,9.11130929401614,8.556870661958467,9.11195986142832,8.719804192589713,9.1773649948844,9.225195232192398,8.96621212372783,9.08772437251988,8.40107943754592,8.626237429528274,8.512015297039106,8.432496536217036,8.897135239992052,9.689778020283757,8.43935770454261,6.653683906359153,7.850388158323867,7.731566154295619,8.901939809402496,7.508782873090911,8.800784091893622,7.467910363169797,7.797307408596959,7.405973747636164,8.368688615518451
262,2013-01-01,9.69041610762353,8.889593346062194,9.068963117113864,9.604190211673478,8.797790304689237,9.08546396657474,8.549735077130162,9.1325452314083,8.642762487060075,9.19228239517804,9.215648452436303,8.934076442277412,9.155980564393559,8.390759134092075,8.527585597885432,8.455150441811439,8.484346772309559,8.863636513150437,9.700063626545802,8.4571257122067,6.571577438890572,7.710737928642877,7.793581692111973,8.769381260156292,7.264823647610202,8.74379914185103,7.583287181998712,7.8406352459129405,7.390818375905209,8.345369336960733
263,2014-01-01,9.646777292794667,8.821331038303978,9.024135352879576,9.630401095878836,8.675848819790913,9.076734619014097,8.45205596008859,9.077689284157566,8.558925243320699,9.167570072605336,9.178096253274857,8.952453174103631,9.137973798941246,8.390449862893766,8.5197213911161,8.41234358887211,8.34576705195201,8.773151428921272,9.703282849139597,8.39215250632633,6.748463916279945,7.589110156141292,7.843825318888938,8.753448287528427,7.388507371735037,8.74042527029646,7.581989501389927,7.920144568348561,7.477512161023885,8.315409230194476
264,2015-01-01,9.64316362623497,8.845915442065627,9.060921892108087,9.638306577391873,8.596721704183082,8.969452117564249,8.472261931391564,9.074606355872964,8.597738576061142,9.1350148023197,9.20027612883823,8.938910196336453,9.11076436760304,8.474571986777004,8.58737167120839,8.223186758731034,8.335323027609038,8.731687964582589,9.676735456656822,8.435213865380621,6.853222800041518,7.586989170406813,7.781104276834173,8.72007520619743,7.371618914299557,8.656464441373357,7.514687366560805,7.84839255291285,7.509778450553285,8.306900433677574
265,2016-01-01,9.637435115021002,8.839464271265841,9.028877245014105,9.624174595708832,8.624736213461427,9.031680383215804,8.47339345707923,9.067288652425734,8.586005358108965,9.11393851038158,9.197313118611447,8.886778343024806,8.95858356771064,8.442701676918137,8.56120099772198,8.381700515889092,8.285903703626285,8.66010388199998,9.643138570585227,8.453642393020289,6.991196420223796,7.56419543682233,7.740327531557083,8.678069709716512,7.435049580330168,8.59978000336855,7.663093603196519,7.804131168265369,7.521482026313138,8.302341451766013
266,2017-01-01,9.613835510278019,8.876230847890827,9.030595578848978,9.654392033097102,8.614616575714567,8.950945098235252,8.473608192477462,9.055189999280993,8.58157165254902,9.118775946144117,9.178579551913797,8.87413435858418,9.101189162544856,8.528063176436982,8.644962626850244,8.27358429676848,8.287356245799874,8.616029094470528,9.629664579706494,8.43882929358423,6.979735422186691,7.51065475123992,7.7476560015894504,8.729270870331119,7.427375909522183,8.498172887297253,7.556528420844074,7.785456173909118,7.558464502016794,8.243115634641812
