,Date,Australia,Austria,Belgium,Canada,Denmark,Finland,France,Germany,Italy,Japan,Netherlands,New Zealand,Norway,Portugal,Spain,Sweden,Switzerland,United Kingdom,United States,Chile,Sri Lanka,Uruguay,Brazil,Greece,Peru,Venezuela,Colombia,Ecuador,India,Mexico
655,1900-01-01,8.763584409450138,8.432506383249043,8.690642169706594,8.442469645220301,8.478244441277663,7.88570539124302,8.430327258394575,8.467582690862903,8.090708716083997,7.660703499103031,8.576593534697684,8.832149906002899,8.0861025356691,7.637716432664798,7.892078421248119,8.107720061910534,8.796607915360044,8.935113740791747,8.991882226982533,8.12740456269308,7.628517626575055,8.127699852817772,6.773080375655535,7.586803535162581,6.988413181999592,7.520776415062797,6.9930151229329605,7.001245622069476,6.86171134048073,7.507690077819904
656,1901-01-01,8.71915396346254,8.426173793029069,8.687442166975924,8.504513138258863,8.506738733512378,7.866338923046544,8.412943170042439,8.428580533059634,8.106816038947052,7.678564567040417,8.609407675404048,8.814479000010714,8.092851027538384,7.612336837167746,7.9672801789422,8.133293861222633,8.763880108829783,8.924789360533357,9.079133498419758,8.13622555490846,7.549609165154532,8.16961956172385,6.84587987526405,7.5443321080536885,7.046647277848756,7.478169694159785,6.9865664594064265,7.02197642307216,6.876264611890766,7.579167967396076
657,1902-01-01,8.715059959545654,8.454040376410969,8.692825760059396,8.577347114235984,8.518592212329946,7.8383433155571165,8.394573477868327,8.436200032206706,8.12296471523406,7.60726570055344,8.635864721133736,8.864181369765426,8.091933455979893,7.609862200913554,7.9157131993821155,8.120291313968561,8.797269583511248,8.940498217652733,9.069263785835465,8.189799618728228,7.5352967024440884,8.297792626380861,6.825460036255307,7.792761720816526,7.095893221097532,7.411556287811163,6.982862751468942,7.04141166379481,6.950814768442584,7.493317248862145
658,1903-01-01,8.77909581088053,8.452761331256848,8.70167907103957,8.57810012631976,8.56483984488359,7.8961806086154915,8.414717399827001,8.475328987317539,8.132118772955806,7.697970926521317,8.620471540869739,8.927314111060596,8.098642843759418,7.615298339825815,7.905810312658931,8.171599480345463,8.775277537975885,8.920255414908091,9.09844163979871,8.125926802707886,7.577121930876679,8.297792626380861,6.824373670043086,7.769378609513984,7.148345743900068,7.478169694159785,6.976348070447749,7.060476365999801,6.9584483932976555,7.589841512182657
659,1904-01-01,8.831419819090131,8.457867725331422,8.714567550836485,8.561784074744113,8.57583938684897,7.922623574217286,8.420241665339788,8.499843553081124,8.149312843635345,7.686617232916932,8.61993026886735,8.893572718629306,8.098034756176071,7.620214770574455,7.886081401775745,8.188411308079031,8.836312145037947,8.916640227198839,9.066892360387383,8.20166019080868,7.5688956634069955,8.297792626380861,6.822197390620491,7.823245690685523,7.1693500166706,7.488852955733459,6.97166860472579,7.080867896690782,6.956545443151569,7.596894438144544
660,1905-01-01,8.82834762005316,8.502079553606189,8.730367211692958,8.644354337032917,8.581669210600602,7.9291264873067995,8.43663368355782,8.506738733512378,8.16961956172385,7.655035953365231,8.65434302956347,8.952993499320474,8.10832229017324,7.583247524303362,7.871692664323645,8.173857454773621,8.879692299595096,8.936298185228436,9.118371125035308,8.151909872940905,7.538494999413465,8.127699852817772,6.829793737512425,7.847762537473608,7.227662498728654,7.4999765409521215,6.967909201801884,7.10085190894405,6.932447891572509,7.685703061234547
661,1906-01-01,8.879611609982035,8.529516941105069,8.739376281635323,8.720950028930258,8.59840444684106,7.958576903813898,8.453401058328458,8.521981708148035,8.20303024171486,7.753184507814365,8.660427359502146,9.014568767457824,8.159374736775426,7.581719640125308,7.928406026180535,8.250620082174692,8.933803546876968,8.9595686535445,9.208349671846847,8.207401833376355,7.5480289699350145,8.248529124800218,6.900730664045173,7.835974581721566,7.291656209174461,7.488852955733459,6.975413927455952,7.1204443723924875,6.953684210870537,7.6638772587034705
662,1907-01-01,8.90354343566472,8.579416534596369,8.74321260347591,8.728587995695898,8.622813673279921,7.980365765111246,8.495765244002618,8.551014739891748,8.22040309993373,7.765662582667384,8.629092283913646,9.049232211581426,8.17103418920548,7.596392304064196,7.947325027016463,8.315077007294104,8.917977956573644,8.96890555068972,9.20538250202494,8.245384468120747,7.583247524303362,8.309676895987726,6.879355804460439,7.84971375760487,7.3395376954076745,7.456454555176209,7.020190708311925,7.13966033596492,6.88653164253051,7.710653323501202
663,1908-01-01,8.920121751872404,8.573951525234847,8.743372131273969,8.647168267837984,8.641532465671846,7.977625098784593,8.487558386286548,8.553910774351401,8.24143968982973,7.765109943165096,8.63550941823428,8.949884285777994,8.192016914536875,7.57198844937744,7.978310969867722,8.28374674710613,8.923685718213521,8.917444732471514,9.10230696214747,8.299037181613066,7.57353126274595,8.379079889286603,6.851184927493743,7.843848638152472,7.3453648404168685,7.4342573821331355,7.05617528410041,7.1693500166706,6.894670039433482,7.697575346802343
664,1909-01-01,8.979668554241181,8.560635749259074,8.753055515138222,8.722091302389098,8.66681936537205,8.00736706798333,8.52674740422105,8.560252680876685,8.249575150000199,7.754996527345481,8.674538762140015,8.936298185228436,8.200288260287554,7.563200592358071,7.999007213243955,8.289037098278483,8.96933306808586,8.93022956502072,9.18994562233834,8.304494897963567,7.516433302915632,8.379079889286603,6.906754778648554,7.8636512654486515,7.349873704738337,7.4342573821331355,7.087573705557973,7.198183577101943,7.017506142941256,7.716015266642587
665,1910-01-01,9.024613022047395,8.56483984488359,8.776167099731275,8.776630098427717,8.683724062303869,8.018954683155718,8.460834457746854,8.582418976333944,8.250358951477294,7.748018125625611,8.704502289721232,9.044757931186505,8.249575150000199,7.579167967396076,7.945555428253489,8.307212626628308,8.993222570948976,8.951310542097564,9.173342589350742,8.408493774492896,7.563200592358071,8.411832675758411,6.897704943128636,7.860185057472165,7.355001921105257,7.422971251049421,7.124478262493424,7.229113877793302,7.01301578963963,7.7142311448490855
666,1911-01-01,9.004053937728395,8.587465244401569,8.796641458940915,8.812099108957337,8.723882104658486,8.036249942132116,8.55256033525353,8.600062669238532,8.261009786023827,7.783130166644793,8.725507328484445,9.077608659522225,8.280711075662847,7.590852123688581,8.01532730902172,8.331827004436057,8.992674473393851,8.971321471503682,9.183574261981725,8.407601514786142,7.522400231387125,8.411832675758411,6.98100574072173,8.080546965824498,7.362645270417825,7.3752557780097545,7.15305163493748,7.258412150595307,7.00397413672268,7.673223121121708
667,1912-01-01,9.002824076547672,8.628197749459149,8.810459642161918,8.850374303939237,8.712101863715663,8.078067881815437,8.630700432209832,8.633552992532433,8.262300941787448,7.791402766539747,8.739536422559677,9.02437217426203,8.306472160100585,7.602900462204755,7.977625098784593,8.369157112588834,9.025429097811319,8.981430225767635,9.207994327418511,8.477620416296414,7.519692404116539,8.551787836180736,6.948897222313312,8.050384453067021,7.385851078125209,7.445417556701687,7.183111701743281,7.2875606403097235,7.001245622069476,7.664346632098617
668,1913-01-01,9.014325488050225,8.616676469901188,8.813884558025606,8.866158492284917,8.738094230177667,8.121183242078828,8.62245370207373,8.668196064952765,8.308199063206446,7.795903722210089,8.772455372611907,9.013351778138825,8.392763113038061,7.596894438144544,8.028455164114252,8.429672593886743,9.008476314178775,9.013351778138825,9.221079441899747,8.483843211734683,7.584264818389059,8.484256691169973,6.952728644624869,7.53689712956617,7.405495663199472,7.4673710669175595,7.205635176410364,7.317212408359839,6.9782137426306985,7.602900462204755
669,1914-01-01,8.98882050177807,8.430327258394575,8.740816627567298,8.766550149546351,8.787372988731876,8.06777619577889,8.54830418644129,8.492080490601163,8.251924713801357,7.765485934447345,8.726805608446096,9.020510699691906,8.374707543119483,7.60339933974067,7.993619994827744,8.450625947144124,8.935283008917631,9.003439196207838,9.11563092902298,8.31164394850298,7.564757012905729,8.235625719964311,6.911747300251674,7.780720886117918,7.387090235656757,7.61085279039525,7.22402480828583,7.337587743538596,7.029972911706386,7.604396348796338
670,1915-01-01,8.96264794774056,8.34972083747249,8.724207360800564,8.816853240627426,8.70317470904168,8.006367567650246,8.551981016901902,8.438366410870266,8.200288260287554,7.828860324982244,8.741615924228828,9.017604776833355,8.390949464841986,7.579167967396076,7.997326822998097,8.484876589939695,8.917211344987924,9.064042114358884,9.123057333439455,8.246171559857563,7.501634457883413,8.16961956172385,6.93537044601511,7.507690077819904,7.457609289715606,7.61085279039525,7.249215057114389,7.356918242356021,7.00397413672268,7.589841512182657
671,1916-01-01,8.958668737047434,8.340217320947035,8.780018887869153,8.910045761473558,8.732627099660395,8.012018239159062,8.616133139271142,8.450625947144124,8.279443487712665,7.947780049058146,8.749256840105007,9.007121989469242,8.476996001664824,7.584264818389059,8.031385330625534,8.538758969330798,8.99707527095376,9.071308163280625,9.232328829278226,8.433811582477187,7.533693709848633,8.14177220465645,6.943122422819428,7.3453648404168685,7.543802867501509,7.5411524551363085,7.280697195384741,7.367077059881012,7.0317412587631285,7.6638772587034705
672,1917-01-01,8.940760134888384,8.324093761450404,8.632127729508337,8.942853006809921,8.65956043270316,7.832014180505469,8.465478755729558,8.45638105201948,8.282735880201754,7.986377709056382,8.662331957082475,8.9850695596458,8.363109176033522,7.566311014772463,8.01102337918644,8.476162841858246,8.96710940098379,9.067047202149707,9.186977370166096,8.438366410870266,7.57095858316901,8.273336598504486,6.990256500493881,7.20934025660291,7.56734567601324,7.581719640125308,7.301147805856032,7.377133712833954,7.01301578963963,7.705262474866325
673,1918-01-01,8.9005490139363,8.312135107648412,8.425077902508432,8.86488793377419,8.615045591583742,7.688913336864796,8.247743887225516,8.46695197497949,8.257385655730436,7.997490954028367,8.583542571957771,8.965462328515967,8.299783171949787,7.513709247839705,7.999342952713282,8.397057390176256,8.870045899837447,9.062999784077473,9.256394012641948,8.434246270595311,7.475905969367397,8.273336598504486,6.947937068614969,7.731492029245684,7.560601162768557,7.620214770574455,7.336285660021297,7.387090235656757,6.875232087276577,7.744136627627991
674,1919-01-01,8.924922401177469,8.188966863648876,8.59452453435256,8.764990330169104,8.724695046740491,7.879669914604289,8.407601514786142,8.324093761450404,8.216358332386156,8.076920901299905,8.790269111478656,9.038483865029992,8.434897948689407,7.533693709848633,8.014335737299424,8.412499120301572,8.816892957854465,8.936561204693394,9.25433623039578,8.256607344626158,7.527793987721444,8.432724034789787,7.050989447068045,7.616283561580385,7.581209826196346,7.581719640125308,7.395721608602045,7.4067107301776405,7.003065458786462,7.782807262839695
675,1920-01-01,8.935508711503221,8.254528881939745,8.750683034784592,8.724857555881988,8.758255243232792,7.9868449011613825,8.545586265917455,8.402231172946555,8.239857411018601,7.997650445127312,8.813884558025606,9.104090572133472,8.463581421967588,7.580189417944541,8.084562415235304,8.473868066677865,8.90435306178913,8.85609105525229,9.22551732799475,8.354203562921775,7.462214939768189,8.183118079394745,7.124478262493424,7.7336835707759,7.577633832602728,7.551186867296149,7.442492722794441,7.426549072397305,6.919683849847411,7.844632644464681
676,1921-01-01,8.965462328515967,8.348537825386098,8.774158291205957,8.585038738311304,8.715880102296456,8.00736706798333,8.497194544909547,8.498214224818435,8.205218426395412,8.084670948251055,8.862625169408922,9.008713664124222,8.348064228408266,7.628517626575055,8.10832229017324,8.421342865759403,8.699371645164797,8.823500727991183,9.177288165116046,8.223358899479258,7.431299675155903,8.16961956172385,7.124478262493424,8.025189321890835,7.602900462204755,7.520776415062797,7.478169694159785,7.4360278163518485,6.9865664594064265,7.8407064517494
677,1922-01-01,8.996156562033445,8.43076346341785,8.858510813033927,8.707152175339404,8.801017833540714,8.09559870137819,8.657650544111494,8.577347114235984,8.275885669474356,8.084510032907763,8.899867211223587,8.951051374025619,8.42726848388825,7.731492029245684,8.139440521874608,8.490438454107418,8.879326704267509,8.908018322784887,9.211311428052198,8.246433786160365,7.456454555176209,8.261009786023827,7.170888478512505,8.048468743668883,7.670428522190693,7.600902459542082,7.523481312573497,7.446585099157725,7.018401799069201,7.848543482456679
678,1923-01-01,9.021115038865434,8.41847721847708,8.885440911707585,8.754318540250866,8.891098830616636,8.156510226079966,8.696844519654313,8.38548870041881,8.354203562921775,8.084423620597608,8.90761234131913,9.011767474596178,8.490849216076635,7.761319180947987,8.141189793457691,8.521782643750045,8.94510288338535,8.934191535338075,9.31210630286419,8.414938957377482,7.4377951216719325,8.321664807135,7.205635176410364,8.06117135969092,7.720905251936779,7.647786045440933,7.5652752818989315,7.456454555176209,6.975413927455952,7.866338923046544
679,1924-01-01,9.06357899058078,8.525558107747866,8.9082888855571,8.754476306284166,8.884333185202735,8.173293438966228,8.804024902413179,8.536799721055155,8.371936178759098,8.106622228545083,8.962263554116761,9.011645501064283,8.473659189392508,7.711101251840158,8.165647925297504,8.587651655064798,9.011343021715705,8.967504187316237,9.317104071222987,8.471986598578159,7.494430215031565,8.356554845453426,7.1853870155804165,8.095293776844649,7.795234929002173,7.6838639802564295,7.600902459542082,7.466799475018602,7.01301578963963,7.833203948641057
680,1925-01-01,9.088285725968877,8.588024372176829,8.914357274485015,8.841881989497114,8.85051762174672,8.219056661060598,8.801017833540714,8.635864721133736,8.429454277108231,8.135743578498387,8.989569004807029,9.040144994980068,8.462314529906248,7.742835955430749,8.22282213081366,8.610319169405722,9.034233874701245,9.011767474596178,9.31917433063631,8.497602541651233,7.545389749611823,8.344742754417545,7.168579897264035,8.134760782418645,7.805882040228621,7.735870319952567,7.600902459542082,7.475905969367397,7.014814351275545,7.878534196140362
681,1926-01-01,9.0918946167697,8.601534339849989,8.939318740417509,8.877381954654766,8.89959435992585,8.246171559857563,8.820699399214904,8.656259239539235,8.428580533059634,8.119261437215371,9.052633375946147,8.9641840463529,8.465899897028686,7.724004656676065,8.202482446576537,8.657998068007258,9.066046247686778,8.97055917950895,9.362869833608794,8.455743229100015,7.609862200913554,8.422442854870427,7.1693500166706,8.153349757998892,7.8868329989550565,7.792761720816526,7.666690200080086,7.486613313139955,7.036148493750536,7.9215356321335495
682,1927-01-01,9.086702731518004,8.628197749459149,8.967886572127473,8.952346543226227,8.9126079636709,8.312871394342615,8.798001694924846,8.745443680098592,8.401557847817314,8.115787487615092,9.079434102128383,8.91798070997329,8.515591910049263,7.87359778968554,8.28374674710613,8.689801056022553,9.133452438070684,9.044521887281242,9.352915562070812,8.421562960400987,7.605890001053122,8.533066540572527,7.2196420401307355,8.171599480345463,7.889084407035514,7.8083230503910555,7.727535110475448,7.515344571180436,7.025538314638521,7.859413154693583
683,1928-01-01,9.069928218259438,8.67060073804555,9.010791269515602,9.01724094201035,8.939449862164238,8.36985260351753,8.862625169408922,8.782476268924539,8.453827315794417,8.175861560779033,9.118005760773388,9.01127949117793,8.564267598802166,7.759187438507795,8.27052509505507,8.718172930028725,9.175626132141547,9.052399183907607,9.34583836359757,8.632127729508337,7.602900462204755,8.551787836180736,7.307872780763706,8.177796683277778,7.935945103353701,7.960672608388117,7.772752716468742,7.545389749611823,7.025538314638521,7.84971375760487
684,1929-01-01,9.034676602846295,8.682029433869172,8.994172434398399,8.996404301412886,8.998260393017953,8.373553741214627,8.9237243977064,8.772920092626467,8.494743062578646,8.206607266412117,9.11250701162742,9.03455739202181,8.627123250788433,7.850103545175582,8.336390480591552,8.775858314797526,9.202311984798417,9.079320109537779,9.388840916805446,8.644530439877432,7.6638772587034705,8.542470998600505,7.289610521451167,8.224967478914584,8.019941687677365,7.9868449011613825,7.782807262839695,7.5745584842024805,7.05617528410041,7.793174347189205
685,1930-01-01,8.92319149068606,8.651024539049757,8.979164648964709,8.94494150776486,9.049349685884057,8.354674261918463,8.88516409509682,8.753529336516431,8.440528106480752,8.111960511416568,9.097283649683886,8.97537724385663,8.662331957082475,7.825644732219989,8.274611946209552,8.818038250394299,9.207268063717759,9.067970030684457,9.277529945524707,8.492080490601163,7.60887062919126,8.691146498539675,7.2078598714324755,8.188411308079031,7.8826922062890254,7.980365765111246,7.762170607138205,7.585281078639126,7.053585727193677,7.711101251840158
686,1931-01-01,8.84505705350085,8.564267598802166,8.955060950631902,8.76123680683819,9.052750451401412,8.322151070212902,8.81744592104187,8.669227347271736,8.420241665339788,8.10796421038399,9.019785010255125,8.872487182278038,8.574895901544526,7.8632667240095735,8.239329427901795,8.792093929503284,9.215873555606285,9.010669176847115,9.203412770860467,8.269756947532983,7.559038255443384,8.484256691169973,7.165493475060845,8.132118772955806,7.781973234434385,7.973844375944687,7.744136627627991,7.564757012905729,7.0326242610280065,7.7266536648476425
687,1932-01-01,8.892199092039693,8.452334619067742,8.90150275745161,8.674538762140015,9.01663425631559,8.310169021981912,8.75004942158424,8.58653266949485,8.434246270595311,8.168851390932305,8.990441550826862,8.83884181343129,8.617219505483362,7.870547844507712,8.257385655730436,8.752265313595721,9.185273093155532,9.012620873002131,9.03366337981293,7.989560449333865,7.506042178518122,8.400659375160286,7.179307969504034,8.202208436436448,7.7266536648476425,7.876638460975463,7.786967002614872,7.5443321080536885,7.029972911706386,7.5443321080536885
688,1933-01-01,8.951310542097564,8.415381925269553,8.917444732471514,8.588955557643128,9.040026434306505,8.36799688505411,8.818334283552174,8.64259160081057,8.414938957377482,8.23927707187056,8.974618038455112,8.894807371368625,8.636397438894713,7.923348211930154,8.213381737034572,8.768574284141687,9.21125081345743,9.037295651962438,8.993206789045871,8.193676665955241,7.513709247839705,8.321664807135,7.234898420314831,8.247482004285693,7.817222785508166,7.980365765111246,7.829630389150193,7.5443321080536885,7.017506142941256,7.635786861395585
689,1934-01-01,8.995412975433313,8.422003004412488,8.905308661189288,8.679822114864455,9.060795734696166,8.46863300080086,8.807172622916703,8.724207360800564,8.404248432400102,8.231026725109004,8.943636705909594,8.935903526274423,8.66544076787644,7.952966790923131,8.23827262463303,8.83127373772255,9.210077982543904,9.098179005087852,9.067288586599775,8.359134886757962,7.60489448081162,8.453827315794417,7.293697720601438,8.256866848974312,7.928045600874777,8.018954683155718,7.796469243086058,7.5443321080536885,7.01301578963963,7.685243607975833
690,1935-01-01,9.045111892608405,8.441175704992322,8.962007209588313,8.74798740166097,9.075093222568157,8.503094267036737,8.781555458546402,8.789812386190972,8.448914350662942,8.249392957813514,8.969160133175821,8.975250749643573,8.708969906980947,7.886081401775745,8.244334047856094,8.87626525995469,9.156813823214966,9.131729971394272,9.177903813165187,8.414274137408396,7.54274354536855,8.474285690404962,7.301147805856032,8.282230063296685,8.001689978099135,8.192847134592865,7.890956716138919,7.5443321080536885,6.988413181999592,7.740229524763182
691,1936-01-01,9.081597496083457,8.470939806898775,8.965845494750937,8.790877754224164,9.092232283495854,8.561592778712923,8.819517540604888,8.867145589594143,8.405367376233981,8.290429490558319,9.020752479190183,9.13873695311649,8.769040810858803,7.794823152179389,7.964155718840937,8.908694592507015,9.137968181831123,9.171599543659752,9.265587014989135,8.430327258394575,7.5352967024440884,8.474285690404962,7.372118028337787,8.272059622210412,8.032035314398824,8.269756947532983,7.930206206684683,7.553810852008231,7.01301578963963,7.8013913202914855
692,1937-01-01,9.122492281402987,8.523374050491318,8.975630184290507,8.872066513408342,9.10886120302633,8.609772372709331,8.87514731685335,8.918382504661613,8.492695559815838,8.312606951439063,9.06647000155648,9.182557990963732,8.807471889715284,7.937731775260109,7.8838232148921525,8.93313654381203,9.214261895943306,9.201400530406708,9.332124189201075,8.533656917446903,7.59488438721652,8.504107951867582,7.383989457978509,8.392536586816682,8.029432840581244,8.264878262801748,7.934155233536322,7.563719668414366,6.982862751468942,7.8168199657645525
693,1938-01-01,9.146548238888403,8.643473357326567,8.949235314374855,8.888204871455022,9.125326997649227,8.651898894268529,8.870522545103873,8.982184278838428,8.513385953073284,8.356282637457038,9.032170186304704,9.239899174217728,8.82379514872053,7.932003152361385,7.877017895622398,8.96341629199657,9.170410689604116,9.209139651399664,9.261616355475212,8.531096096585228,7.577121930876679,8.57035473953047,7.404279118037268,8.358666283188,8.028781162487148,8.36380888451688,7.9854843567338225,7.5745584842024805,6.970730078143525,7.8156105320351905
694,1939-01-01,9.139703292376742,8.784009071186633,9.012986392348266,8.935903526274423,9.164610520270008,8.600062669238532,8.941152882160566,9.061492275239766,8.56522116042682,8.4771589721633,9.086702731518004,9.239607869656751,8.86488793377419,7.933079771880415,7.9672801789422,9.032409163483521,9.19381984796573,9.208538750029554,9.321116526071936,8.53817159780143,7.5443321080536885,8.579604451537634,7.394493107219038,8.344029572407049,8.01862546504575,8.420241665339788,8.01862546504575,7.584264818389059,6.97914527506881,7.851661177889265
695,1940-01-01,9.19299073364107,8.75004942158424,8.891786635857315,9.054504940418054,9.006386515055114,8.543445562560303,8.770749549138642,9.060911858484253,8.536799721055155,8.493391879702303,8.94910546953925,9.21453157659465,8.769817872052617,7.853216388156072,8.061486866871327,8.95402775927046,9.190379785220609,9.29908358181057,9.393086435588955,8.551981016901902,7.597897950521784,8.513787398281405,7.383989457978509,8.172729104865471,8.021584533455107,8.469891918298224,8.013343181386672,7.6255950721324535,6.996681488176539,7.847762537473608
696,1941-01-01,9.289151552400472,8.81314100828505,8.846065190692881,9.17419492533983,8.89439598980643,8.574518258035507,8.570544366913232,9.116359308505288,8.51057131510735,8.514437397702439,8.884887201837403,9.187071745036828,8.787830829258759,7.932003152361385,8.068089626278244,8.924123891686012,9.128842737733068,9.386476169683052,9.514392839910983,8.535229553902337,7.618742377670413,8.561210076833012,7.428333194190806,8.00202481821611,8.005367067316664,8.441391477999955,8.003697339094368,7.60887062919126,7.00397413672268,7.914983005848394
697,1942-01-01,9.389573832170905,8.75605259917045,8.759511722116487,9.324561516066206,8.906393407058367,8.57602797713713,8.466320861042481,9.121399862679535,8.446985296372741,8.504825019940773,8.786609455061125,9.285355075781629,8.74209519574531,7.909489492673759,8.129764445794171,8.93022956502072,9.075638805664381,9.407222080101468,9.607091702016332,8.548885638148727,7.653969180478774,8.484256691169973,7.367708572374371,7.830822995135316,7.965545573129992,8.294299608857235,7.979338895262328,7.628517626575055,6.9865664594064265,7.943427767876373
698,1943-01-01,9.415564321987441,8.776475789346321,8.73681053295389,9.356775650205728,8.999248901686114,8.681520484837913,8.424858580213442,9.147294070258548,8.27664912542186,8.481700719725739,8.75557997214314,9.30955202204713,8.714239143608575,7.965198290612176,8.174984532943087,8.959183074206774,9.064501883409818,9.420925394042996,9.68347767464832,8.558143177745192,7.624130585661289,8.453827315794417,7.47477218239787,7.656810091480378,7.964155718840937,8.394573477868327,7.957177323459475,7.7226775164680035,7.014814351275545,7.952966790923131
699,1944-01-01,9.370331108285123,8.797548488481558,8.787830829258759,9.381263883817768,9.086476384753796,8.678291111758565,8.258681496264236,9.179674957665297,8.058960017769417,8.479721827259377,8.348064228408266,9.300820725104558,8.651549243915316,8.012018239159062,8.209580483475577,8.985570498917388,9.092765430957952,9.37610901542907,9.740929043877575,8.558143177745192,7.516977224604321,8.579604451537634,7.487173694213739,7.483806687665835,8.029432840581244,8.469891918298224,7.996317231796746,7.709756864454165,6.9930151229329605,8.005700678662542
700,1945-01-01,9.30801139914963,7.919356190660617,8.840290669088972,9.338733586744581,8.996528148090857,8.612321536507814,8.31898612539206,8.881141619321468,7.9483852851118995,8.210034678463579,8.361941906144946,9.30955202204713,8.755264763314685,7.964155718840937,8.118802996980035,9.012011377036412,9.086964693722022,9.327856705404022,9.709754234567974,8.622093601241607,7.483806687665835,8.59748202264504,7.491087593534876,7.3098814858247865,8.049107721326406,8.666991556504632,8.01532730902172,7.687997166393016,6.964135612418245,8.009363076630045
701,1946-01-01,9.260272740724393,8.044947049617722,8.89439598980643,9.310004695089129,9.127827950401718,8.677780256064185,8.723394022000136,8.170185652879642,8.244071270295786,7.9270970617521614,8.868413284672005,9.342683558963897,8.840724916761715,8.030409562130485,8.152774052744075,9.104979856318357,9.29340295803268,9.282754052485227,9.603899313785321,8.685753832960154,7.422971251049421,8.683215975240689,7.56734567601324,7.700295203420117,8.069655306886165,8.803123730829212,8.07558263667172,7.7752758464868625,6.898714534329988,8.046869510959576
702,1947-01-01,9.270682600982344,8.146998697389993,8.942591637231851,9.332380997885208,9.171599543659752,8.686935966003333,8.794218683679489,8.264363329731667,8.411388132519262,7.905054405949757,8.992930352509733,9.433963808127244,8.955835144218959,8.101980731853192,8.164225652265827,9.180808569370145,9.307553336987567,9.261698664251325,9.568821986364409,8.553910774351401,7.444248649496705,8.65817178467581,7.578656850594762,7.940939762327791,8.080546965824498,8.779557455883728,8.08794755464267,7.852050207265889,6.892641641172089,8.05356916913454
703,1948-01-01,9.315150736328528,8.39072252736229,8.988196320995057,9.329100707697025,9.187685681411377,8.749415406663651,8.85395110151461,8.415603335654604,8.479283618343016,7.957607903015699,9.076923258535832,9.309733115854218,9.011767474596178,8.089789175789319,8.154212694914229,9.19238004659919,9.322717092927604,9.282940064390527,9.59792878142842,8.68929604801586,7.52131798019924,8.67470962929122,7.647786045440933,7.960672608388117,8.096208271650037,8.950532836290382,8.091933455979893,7.952966790923131,6.890609120147166,8.067149039910106
704,1949-01-01,9.353227859524731,8.5657928612523,9.021356672308677,9.329011901693681,9.24483841238375,8.795430805040018,8.97259066827261,8.562357743370612,8.554103545436334,7.960941239435457,9.145588494746486,9.391661428436555,9.027858802380862,8.095293776844649,8.14177220465645,9.222960403332285,9.300504975324136,9.313618721429684,9.56076284992412,8.649974302650056,7.555381944240273,8.784315349902657,7.698029170272805,7.999342952713282,8.151909872940905,8.965462328515967,8.119398589612294,7.942717540573791,6.902742737158593,8.09437844497296
705,1950-01-01,9.377125189621008,8.683893367307235,9.071767722112243,9.360655132635051,9.311722986264785,8.821584877430965,9.019905995071678,8.730043953245016,8.627302414096267,8.026823576217629,9.165133779138104,9.508888197738269,9.06589246761031,8.109224953089955,8.150179269682326,9.281916570465405,9.353664445079678,9.311180686902254,9.631678829240638,8.679312040892672,7.599401333415815,8.855805992536562,7.71244383427499,8.023552392404348,8.210396255104774,9.043340831280013,8.140898460607852,7.996317231796746,6.894670039433482,8.163371316459912
706,1951-01-01,9.389824573949976,8.75004942158424,9.122710622015209,9.393245092030718,9.310728546007452,8.89370997756851,9.07165285220229,8.810459642161918,8.692490133273228,8.128290171607052,9.17107965802288,9.409109260148737,9.109193189971226,8.147867129923947,8.240121298076472,9.312626165516933,9.38243424503907,9.337325383730672,9.688126141663973,8.699681400989514,7.630946580890459,8.92903790648844,7.731492029245684,8.097730573664219,8.260234291607297,9.109303827798412,8.139440521874608,7.981049759665957,6.900730664045173,8.208764045819667
707,1952-01-01,9.377886643187983,8.751949058058614,9.10886120302633,9.43236329562169,9.31343832997975,8.915969311373605,9.090317329376452,8.889721799278137,8.759511722116487,8.222553638396958,9.179674957665297,9.427626803805994,9.134214981586691,8.144679183447758,8.31996102188653,9.319374133000306,9.394020025477596,9.33282345619073,9.70771594801777,8.740656691541368,7.646353722445999,8.902863672196222,7.773594467360194,8.093156697722637,8.285008895449879,9.13873695311649,8.16876982367527,8.07153089355666,6.910750787961936,8.217708406845306
708,1953-01-01,9.389573832170905,8.793915423631676,9.134970064951407,9.451402423792738,9.360741172643708,8.911260254572033,9.111624399037025,8.9641840463529,8.823206220552741,8.279950715722526,9.252345666121213,9.435242376305256,9.163248764442333,8.206037762778815,8.310414994188292,9.340403256274351,9.431160078808492,9.368113055848724,9.736074312475292,8.792093929503284,7.635786861395585,8.990939806940807,7.790696031174738,8.210939733379021,8.321421586897879,9.159047077588632,8.19671240721307,8.066207568006265,6.953684210870537,8.189244525735901
709,1954-01-01,9.426982836948033,8.890272839380247,9.170559501964338,9.415075523607037,9.371523409567573,8.983816112502495,9.151439264056021,9.031692060548524,8.866722667194098,8.32263709695394,9.306559229716726,9.542230699092284,9.202610573914242,8.246433786160365,8.372860820526318,9.375770061099919,9.485803568106718,9.404672841436273,9.711842668281289,8.738254576526122,7.633369649679584,9.020752479190183,7.836369760545124,8.231908243564177,8.322880021769905,9.212338374638856,8.231908243564177,8.117312461601975,6.976348070447749,8.25608813381491
710,1955-01-01,9.456809748593889,8.9939241414114,9.211339872309265,9.478227817099784,9.374837343857585,9.022081222515475,9.198369000194964,9.131297164635729,8.916371914881694,8.393216011596527,9.365462008843483,9.540219493127752,9.214730720277476,8.280204233279974,8.398860004454372,9.397649470281177,9.546776025256893,9.43675855582405,9.76249985923515,8.754791763700032,7.664346632098617,9.008958312443486,7.891704659330107,8.295798110636145,8.368461137615839,9.259225769705994,8.23827262463303,8.116417072794205,6.982862751468942,8.308938252595778
711,1956-01-01,9.466841326944389,9.059866258621348,9.233763886919771,9.531771484474337,9.380758024267314,9.040737587590003,9.237760967552175,9.194820560318146,8.954802752850968,8.455104999102815,9.38873757187798,9.571226436686379,9.257223957875032,8.315566483564277,8.469891918298224,9.427707270512938,9.58239071887561,9.444542550647126,9.764053056544551,8.745921121024347,7.645397699428633,9.014933575633572,7.890582534656536,8.369388996647842,8.385944904806284,9.317938382574201,8.24564690087386,8.125926802707886,7.018401799069201,8.345930261979017
712,1957-01-01,9.464594918315445,9.117237753713859,9.245031611766112,9.526537012326164,9.449042262206245,9.076923258535832,9.285355075781629,9.24454854330592,9.006754319877503,8.51699317141357,9.404013917106361,9.576232704964523,9.27771860730613,8.351846738828245,8.496990484098719,9.464905067965136,9.593399696101645,9.455558477608703,9.76457025334946,8.818482267274236,7.633853559681768,9.008958312443486,7.934871565945177,8.424419791263883,8.4071550862073,9.386224586806131,8.249575150000199,8.142354276849835,6.988413181999592,8.390041405755754
713,1958-01-01,9.490846760678869,9.150165648940114,9.236787541991031,9.51804563563343,9.465215121451847,9.073947747070628,9.298992069570746,9.281637253858216,9.052984561199976,8.564649132572534,9.386476169683052,9.591581091193483,9.268892258925797,8.356789669923213,8.551787836180736,9.46374151045109,9.591817266895054,9.449199779730396,9.73778709675841,8.847647355711887,7.637234388789473,8.960339366492091,8.008032846969307,8.460199469896118,8.382975849296429,9.36005264520451,8.242229891372231,8.14351740579748,7.039660349862076,8.412054873292933
714,1959-01-01,9.529012261114708,9.17419492533983,9.262268464836541,9.534523115464658,9.530029703062944,9.123910643977796,9.316860215353856,9.344871264933788,9.106201332235038,8.642062173462106,9.420033875565988,9.638870753015343,9.301733800405394,8.401557847817314,8.53405030848266,9.488805094878353,9.64663153576802,9.482959566750917,9.792555991828847,8.765458531504226,7.6246189861593985,8.915969311373605,8.071218539969863,8.48590890137647,8.360539381370861,9.399140894867847,8.279443487712665,8.16735198705607,7.04141166379481,8.411165786770708
715,1960-01-01,9.547740749170218,9.248695325852646,9.312987208936326,9.543378146148761,9.550092936718967,9.203416456903359,9.375176614429117,9.415890054889344,9.151651375627504,8.756839814829462,9.488653694423864,9.621588724840075,9.34862295977619,8.457867725331422,8.52456594574565,9.535968306842717,9.702494324241002,9.53097354456765,9.801288700215881,8.821879862683842,7.6324011266014535,8.941545475242885,8.130942302231878,8.520188700396035,8.462314529906248,9.402282172147128,8.289037098278483,8.202208436436448,7.090076835776092,8.460199469896118
716,1961-01-01,9.53191649607552,9.294865327045871,9.355392643675321,9.552510629712033,9.605283652624765,9.269834943761822,9.417517129768314,9.447386828459384,9.22601685136119,8.861491864286915,9.478380804172675,9.650722071987907,9.401456476451633,8.511577452630602,8.628197749459149,9.586308009295324,9.758898837965559,9.555205857955418,9.80780230240172,8.842604480678025,7.6255950721324535,8.954156966583772,8.184513753033722,8.5956346177228,8.518791912779934,9.411728991487363,8.30622521603216,8.197814032221203,7.0967213784947605,8.47782846789396
717,1962-01-01,9.574219304763417,9.31271643859305,9.399885773859458,9.601503695373488,9.650979555092,9.293669979563187,9.461799234270439,9.480825419599443,9.294865327045871,8.937743936942443,9.5302475917227,9.64930472862475,9.421168397567744,8.576970395452099,8.713253274320705,9.621986339159427,9.786615279571834,9.556126244582746,9.850930301797453,8.863757191604241,7.633853559681768,8.922391597295857,8.219056661060598,8.626406276389554,8.56216655705897,9.460943436186543,8.327242607457793,8.22040309993373,7.0967213784947605,8.493105395887147
718,1963-01-01,9.614671504043145,9.346094292953802,9.436040652072082,9.632203625893982,9.64943366106433,9.319015388601839,9.497772413172754,9.500544261971474,9.35668926831132,9.008958312443486,9.552368574168076,9.689675328650802,9.4511666581427,8.6278397115033,8.80071662871916,9.668271419987649,9.822160294665089,9.587611745713565,9.878887435667895,8.9005490139363,7.629489916393995,8.915969311373605,8.195057690895077,8.719644119505357,8.57810012631976,9.490393417263473,8.32845106681936,8.21554741194707,7.124478262493424,8.540519016719735
719,1964-01-01,9.661352295040318,9.397815294010933,9.49514330367712,9.676461473957694,9.731037115537436,9.362803915102651,9.550875771331766,9.551231402759107,9.387146748082028,9.10886120302633,9.618601567386348,9.717519354821976,9.492205559106399,8.68710472813351,8.845777255188445,9.726810038127258,9.862428366489544,9.632400353656184,9.921327470664458,8.898365606955357,7.651595573857601,8.922391597295857,8.19891444498699,8.79497643168877,8.616676469901188,9.548168831368535,8.357962965845681,8.254008590564844,7.1770187659099,8.62245370207373
720,1965-01-01,9.691654792367785,9.419628376999952,9.520981848562874,9.722804652410682,9.767610553984774,9.41132011058867,9.589393056132515,9.591649390206587,9.401869409521051,9.15472194821317,9.65617937422262,9.760828918798548,9.536184905522312,8.758255243232792,8.911934336161426,9.754929537894979,9.893564102136517,9.651494322492853,9.970678802076451,8.882946799288174,7.658227526161352,8.922391597295857,8.193400231952097,8.880029117468442,8.653296274408579,9.57129614009839,8.363109176033522,8.316300249036848,7.113956109566034,8.654691704601872
721,1966-01-01,9.700391696525696,9.467305471765902,9.546026585476431,9.766980307881465,9.78633556772527,9.431161227920747,9.62990560446313,9.613402595468036,9.446123703636829,9.246672301223573,9.670167394770358,9.804274767464536,9.565073431677574,8.800415333145924,8.97221007835365,9.766062876624456,9.914651908418811,9.665039989962045,10.022558647177142,8.967504187316237,7.624130585661289,8.948066103458935,8.228710798793687,8.931948346431495,8.705828110266784,9.5591645793702,8.38548870041881,8.31238059678675,7.102499355774649,8.691146498539675
722,1967-01-01,9.7473014693468,9.4898642567265,9.579210649614792,9.778944217461527,9.810823867672708,9.446755465483632,9.667258761673263,9.61440449916872,9.508665604526444,9.341368634382587,9.710084825731355,9.742555598420644,9.617137925318126,8.873888135154973,9.01371703047137,9.791605819888035,9.939928084406947,9.681468368883628,10.036356225610552,8.978786553302003,7.687538766201629,8.8963143241848,8.24143968982973,8.973604867142505,8.717190933223135,9.564512185696797,8.39795910349254,8.333991247194975,7.1592919047975645,8.721276239991704
723,1968-01-01,9.785266921148697,9.528212115591021,9.616405300156314,9.814492390964565,9.845222644404153,9.464982590349763,9.702900186935281,9.662879887470275,9.582800078470363,9.451323841418724,9.762211965178174,9.729669736233394,9.630628408975985,8.957639268419648,9.060214913398545,9.821626526055807,9.970930587838073,9.716736198662788,10.07285050816569,8.993799971795545,7.736743682453495,8.902863672196222,8.306472160100585,9.035272443893536,8.678291111758565,9.583282288378786,8.429672593886743,8.357962965845681,7.162397497355718,8.769040810858803
724,1969-01-01,9.821626526055807,9.585689856179723,9.678404621840867,9.851562479671209,9.90218670680308,9.557540571952371,9.761463052506711,9.719624808723344,9.632203625893982,9.557116483735667,9.813015649372053,9.817275855717062,9.66643522103567,8.980801413573113,9.13852208418571,9.863446502998944,10.012685975691141,9.73032393352694,10.093901279227419,9.010302809376448,7.753194269884341,8.954156966583772,8.369388996647842,9.12598002335811,8.675734219544788,9.592536853144992,8.464635940677562,8.38160253710989,7.205635176410364,8.79920924224139
725,1970-01-01,9.860893154903707,9.650979555092,9.735896960342167,9.863030074904852,9.91447694733573,9.633383412358416,9.808462332127018,9.757131416174783,9.648079040634643,9.647562511697538,9.856133856152658,9.788918097792992,9.679280936368654,9.07383312732152,9.160204302482386,9.916847904237965,10.063861332944398,9.750452916367067,10.084057576291276,9.01127949117793,7.77863014732581,8.990939806940807,8.441391477999955,9.20029003612268,8.723068501163928,9.634888894560614,8.503499864284235,8.419580362549237,7.232733136177615,8.835355971121606
726,1971-01-01,9.882774510938587,9.696401880595555,9.769155839740836,9.90468683311161,9.933871257170567,9.652780082875708,9.845911404398532,9.778887584302797,9.660332602134424,9.680593969977126,9.885119895177944,9.822928044677711,9.722684841711443,9.143986871426161,9.199683791787654,9.919360901692418,10.105896750299316,9.76652169746297,10.102092479403183,9.079434102128383,7.7501841622578365,8.978786553302003,8.521981708148035,9.264733855806515,8.739055922830724,9.628524252492122,8.535229553902337,8.446341450444287,7.218176838403408,8.841014310483892
727,1972-01-01,9.89202207442685,9.750860711077213,9.816621619514466,9.9444855315702,9.979475898535465,9.720405706795765,9.88067941321012,9.814710982145282,9.682529112127256,9.747418366886238,9.907429771768753,9.84633502103182,9.764742592858719,9.22325659724273,9.286930974137896,9.939095980003495,10.140806591275425,9.79823814181703,10.14305548226448,9.050171619823361,7.752335163302292,8.941545475242885,8.608860379942062,9.375430991841775,8.74257423767064,9.624765221455819,8.584477938221834,8.476579508530941,7.192182058713246,8.889583991794973
728,1973-01-01,9.929496371717178,9.793002819360856,9.872976797331106,10.001430626866092,10.009108034399812,9.77956697061665,9.925297966799977,9.856081430138858,9.738023112808596,9.810604425056072,9.94515718770752,9.893639216481313,9.800900963761027,9.328834266023971,9.362030885216615,9.976226731176434,10.165994698140112,9.860997500915175,10.18874167991324,8.976009475021396,7.774015077250727,8.972717499397138,8.713746330456916,9.409355151711798,8.766082459148864,9.651172623921639,8.626406276389554,8.56483984488359,7.215239978730097,8.935508711503221
729,1974-01-01,9.937792356228119,9.830002463273651,9.911108439667489,10.027606032372521,9.995109119583352,9.804164331241342,9.947600127154448,9.864122829013851,9.776051829226445,9.784985508455128,9.976459164991951,9.929593799620607,9.835797403566177,9.326700173092378,9.424483541093094,10.004779804018,10.154956927760894,9.847075918610166,10.176791757041954,8.969160133175821,7.790696031174738,9.008958312443486,8.766550149546351,9.368710707947624,8.789660098061537,9.676775140407365,8.659907293615413,8.592671652592143,7.203405521083095,8.962007209588313
730,1975-01-01,9.951944327804322,9.828979500361067,9.89500164888583,10.035348801246425,9.98562038207465,9.811207776416833,9.93561586628765,9.862300908205878,9.748177867988971,9.802672247297311,9.967307065249082,9.898826707653933,9.881241943588808,9.248406572782638,9.44311737225863,10.02601487181582,10.105121081268436,9.846070281666178,10.164158075741058,8.814479000010714,7.797291273547472,9.055205875026193,8.792093929503284,9.418085981110297,8.83869681234353,9.704121561132915,8.660773919893762,8.615045591583742,7.265429723253953,8.988570876215118
731,1976-01-01,9.981050264483919,9.875499515995958,9.94826969530802,10.075506216334185,10.045811427748324,9.803888187313373,9.97417898065866,9.914328575714002,9.806260536775024,9.830916859701293,10.004779804018,9.911505324129712,9.933531673884504,9.292933670280036,9.47677327138879,10.032979547768882,10.116698228123736,9.868430160720726,10.205737989163305,8.834628222017367,7.80954132465341,9.08851166361105,8.86488793377419,9.466454374960302,8.82585367025321,9.75115189123243,8.685753832960154,8.678801706612651,7.256297239690681,9.003439196207838
732,1977-01-01,9.980078154697841,9.920836190870741,9.953467484841148,10.096790261839317,10.058780436942163,9.803667217253917,10.00681099476803,9.9444855315702,9.830863094815127,9.864226838582825,10.025616685769192,9.857967037234319,9.971099470946148,9.343296599224809,9.498672233269462,10.01332801821566,10.143707172182282,9.890402312987472,10.239995502805316,8.914357274485015,7.856319571406588,9.099408811268901,8.888480847722816,9.484785217645943,8.798756582859841,9.780924360113003,8.707152175339404,8.711607995897575,7.309212365692763,9.009080614161977
733,1978-01-01,9.996431298178866,9.918031277976969,9.980680048366034,10.12639107504573,10.07035700477116,9.821463717057537,10.030032093861085,9.973340054434962,9.864226838582825,9.906483061515926,10.042901608318806,9.861727618287896,10.001566622695764,9.367344120785848,9.515837804297965,10.027738514873985,10.171940944384728,9.925640357177262,10.284864865115203,8.979164648964709,7.898782356970309,9.157256000883727,8.9126079636709,9.536762272743895,8.772455372611907,9.768869855811184,8.770749549138642,8.750524669117937,7.3395376954076745,9.069928218259438
734,1979-01-01,10.035655516113545,9.972827030614742,10.00306135743222,10.15716030888516,10.102707195730964,9.8861887879578,10.057323897250996,10.012566147562366,9.917143878983614,9.95142020629143,10.058223775185438,9.8822639160845,10.041987829781233,9.419466131522189,9.523763287920113,10.063265228228518,10.190210225604568,9.951706124806602,10.307251214004534,9.044875932248651,7.942717540573791,9.20693457884135,8.95364003713313,9.560504164299259,8.804475183846678,9.74887843430871,8.80357441813497,8.775240458738327,7.2633296174768365,9.13852208418571
735,1980-01-01,10.042031361984186,9.995702036523939,10.04585479382305,10.157509423495274,10.097078701588314,9.9349862195955,10.066328930041957,10.021137245969499,9.95032342737316,9.971333099431195,10.062113915818548,9.887408982323437,10.087099942513005,9.458917724547202,9.547383873965687,10.077818939438902,10.218507403220757,9.933628709448115,10.295901192899562,9.10764297373784,7.978310969867722,9.263501920090414,9.017847259860732,9.568014816247999,8.823942326585245,9.697078200213083,8.822616945344176,8.792093929503284,7.3098814858247865,9.203215047033595
736,1981-01-01,10.059122844067577,9.99268819799443,10.032759888240268,10.175649813329873,10.088430670035034,9.949177678453244,10.071329788065249,10.02362337377611,9.954228194239311,9.995337206166006,10.049879640751199,9.929983416340093,10.093239766820611,9.467614782006539,9.539284342176604,10.076474005852402,10.230255171574846,9.919311687883013,10.310817587253805,9.15133319139615,8.022568946988255,9.272657678041044,8.950143756459262,9.559587800086119,8.842315546841863,9.66459564425378,8.822027322685583,8.804475183846678,7.350516171833998,9.262743050769231
737,1982-01-01,10.042031361984186,10.010277046717645,10.046331696565609,10.132652936168832,10.118881150390276,9.975575628930383,10.090796650841122,10.015922981865916,9.958117773187244,10.018600359636633,10.033638237001172,9.938613354511503,10.091666918814242,9.487820581943367,9.550021739538344,10.085892439191387,10.22777689592962,9.935470598389179,10.282266395381786,8.989194823324645,8.055475141757274,9.167224080902555,8.934191535338075,9.55768189473384,8.820256365906321,9.643615180723614,8.80956425335415,8.788440957404594,7.358830898342354,9.234056898593499
738,1983-01-01,10.02998803614547,10.040811743399347,10.046331696565609,10.151323716440709,10.144471021978669,9.99624903261744,10.09823162932864,10.036268663769947,9.968572799192062,10.034735089145801,10.046981652174857,9.952991747439217,10.123586473664112,9.484785217645943,9.563599488613745,10.102830093664386,10.240292915239833,9.969556152505833,10.314205506925742,8.944680683558895,8.091933455979893,9.099408811268901,8.882252884889363,9.556197008479035,8.653296274408579,9.557823197546,8.803123730829212,8.740656691541368,7.416378479192928,9.175334762777368
739,1984-01-01,10.086184039035157,10.043944905231385,10.07086466194426,10.197499548682778,10.187951953831922,10.020648172309706,10.107203606184239,10.067475402641579,9.99277966001489,10.066796170148152,10.075337809462788,9.988885128048356,10.178122378638475,9.464517365870565,9.568574100378909,10.140810105023608,10.251149895527906,9.992825387888324,10.37586336592692,8.98619632032839,8.127699852817772,9.083075020930307,8.914357274485015,9.578657284448841,8.675734219544788,9.517604459155686,8.815963560853438,8.754002933494261,7.432483807917119,9.18778796750567
740,1985-01-01,10.123706832333092,10.065351267427687,10.080503392206552,10.24085224794036,10.229548637857024,10.04966366269373,10.116782767795524,10.091335477455614,10.019891860406231,10.10385365616035,10.100738771884387,9.988747396486952,10.22586086477784,9.490997829490999,9.594922269167922,10.158323550582827,10.289319595288415,10.024775549743328,10.404959567375004,8.990192329641772,8.155936337972394,9.093918908958932,8.969796305981806,9.605755144230846,8.67317077287059,9.493261127326253,8.826000545482966,8.769196271411001,7.450079569807499,9.188605879830176
741,1986-01-01,10.131260372234,10.087432790446181,10.094975304446326,10.256676427190028,10.263990161609186,10.069891425857708,10.136106074212856,10.11281611481661,10.047847603042964,10.126311052639412,10.122341918431909,10.004418271114568,10.257799707285672,9.530538036104643,9.631481959469355,10.177666364950163,10.336827011229857,10.064670590127518,10.42969427834042,9.027018314848645,8.19063168090354,9.172430798902962,9.0217190130337,9.618933914758879,8.746716349694486,9.528866827722945,8.863757191604241,8.772145439245099,7.470224135899966,9.135940049399933
742,1987-01-01,10.164735809883883,10.102707195730964,10.117469262057952,10.283498091171824,10.265627535905919,10.107203606184239,10.156422888658074,10.127710521069902,10.07844875492379,10.162152675917417,10.130025336918353,10.005231536419412,10.273429104575246,9.591581091193483,9.696955267027116,10.204184562065404,10.366415305438737,10.107896705794088,10.45535914573812,9.073489189226986,8.185907481482324,9.240384493324559,9.036225051729327,9.612065160468624,8.807172622916703,9.537195079502435,8.895081531754167,8.681520484837913,7.491645473605133,9.133027268873512
743,1988-01-01,10.19249374795004,10.131101098521789,10.162191279248889,10.318077568421293,10.27673933827964,10.152064905107148,10.194775615581893,10.156539359589003,10.116297899710545,10.21804278528445,10.149331489371114,9.999797232673536,10.267644436822616,9.663261421240643,9.756841972194643,10.220776969740568,10.388469312136793,10.153428816235715,10.487461402332547,9.126850061477157,8.197814032221203,9.23561817916045,9.015541293671115,9.654769750102489,8.700014623251842,9.568574100378909,8.914894908906568,8.757311846936409,7.569411792450712,9.126197603863755
744,1989-01-01,10.218553734200675,10.168847325983418,10.19204424239857,10.324103964411636,10.278768329466978,10.204036490694733,10.224701108196701,10.180854102460378,10.144628180551992,10.261196961231647,10.189117520861778,10.003649579435109,10.273049106297938,9.713113662551345,9.817875196460205,10.23756406455664,10.413780637640745,10.172139699081104,10.512056756620776,9.210840247017833,8.209852481301272,9.240384493324559,9.027978814382207,9.687629894522718,8.548691858475609,9.453286550586572,8.927048647825695,8.733432966413652,7.6128310304073565,9.147613542067878
745,1990-01-01,10.217312405089107,10.200996185805645,10.218736152705715,10.31168226521516,10.289158033316113,10.199286593089857,10.244556351616321,10.142150059508008,10.165967194962711,10.307251214004534,10.22248658949386,9.990444761392025,10.289905747724058,9.755915188068993,9.863446502998944,10.24238541637218,10.441441843690372,10.173094754260378,10.518186586766932,9.230437073675304,8.259458195332408,9.240384493324559,8.967249182852276,9.678091466168624,8.475328987317539,9.491828300264636,8.948066103458935,8.73568594451502,7.643482907077201,9.179778066393542
746,1991-01-01,10.198440935789346,10.228818355877399,10.234527351741079,10.280268401023038,10.306130268666347,10.133602707013925,10.250414370234093,10.195035653728578,10.187551700823757,10.33648451477237,10.244477472160483,9.958254791753406,10.34585257843514,9.79533471425901,9.901388332850196,10.226079423672333,10.43789224934527,10.157820140774145,10.50407958971682,9.28233461416176,8.346400576444177,9.267326232324272,8.973104048371068,9.705627257265691,8.478912087697978,9.566231793141585,8.95066535158118,8.781607175783392,7.6315820867723705,9.211195081010395
747,1992-01-01,10.224127193805453,10.242543603464396,10.247062142494336,10.279907996183413,10.327891297864246,10.094924133710213,10.261854206579798,10.217752726055618,10.202132222168801,10.34102656566028,10.259612960032051,9.956699418949217,10.405510711214674,9.830837722739178,9.919811968294843,10.210918159522942,10.444555301179717,10.157749260074862,10.52514676127378,9.373589595022063,8.299279484469121,9.336932670049652,8.963517958026081,9.71389746985628,8.454994979785328,9.609224966233064,8.973111269708916,8.812169745181215,7.656931806478791,9.236223561433818
748,1993-01-01,10.261947553857551,10.243568578108512,10.234848514538967,10.297472830716268,10.330372867429762,10.083462397268551,10.251894017769201,10.212834508292225,10.199970714892034,10.33917982421764,10.270904441960681,9.994135772694456,10.457933335438316,9.826602900421346,9.906310544916522,10.18711736455792,10.452346655552107,10.179198580826087,10.539046275347793,9.41710456266363,8.353973554038557,9.357181949642884,9.007763318210927,9.700839691259635,8.488180597682176,9.595187859370629,9.009553845712317,8.8202827409794,7.685440167094149,9.24549794429043
749,1994-01-01,10.303744834240888,10.267462400863302,10.264878876934999,10.33350942160471,10.384656622980028,10.118504549180573,10.271872869163857,10.244949316286712,10.228041114424048,10.346101588932203,10.299829705333416,10.046585577777797,10.531905198618372,9.842623680554285,9.936629946208509,10.222157818969396,10.475139975187858,10.21381903315797,10.566363136155548,9.448770575348885,8.412014782575543,9.420937556987194,9.061340083229194,9.72461731644846,8.58698463348172,9.556004375691566,9.041668107147846,8.845070059858566,7.720860397951223,9.279960481625634
750,1995-01-01,10.33169418214583,10.29626186960507,10.287731989176207,10.352354367606559,10.414997183283266,10.156641230232282,10.289391383165883,10.27052176925722,10.263479320065969,10.369962389027542,10.331377559796197,10.075417944353937,10.597729091416864,9.865891096275341,9.976835443949636,10.258341381404813,10.49139170758452,10.23499088538299,10.58128313300236,9.526313428435191,8.455805901457424,9.40035218714076,9.099598106946402,9.749648327455734,8.642597396994498,9.57833080701856,9.075194342018193,8.851542532501936,7.764704930876006,9.204820436892371
751,1996-01-01,10.365347793826105,10.322630579742352,10.302944631469865,10.360730161750286,10.443642122195625,10.190066478784841,10.300135395178085,10.28704724043344,10.282994497376787,10.397700695564017,10.367590657182802,10.099105650939038,10.672046970602288,9.900448503873823,10.0071746730479,10.275468425337282,10.5110902017467,10.256685145860482,10.606900633739393,9.577294685892843,8.554047420027636,9.446215543601705,9.118720143514436,9.782424245313711,8.655177911007911,9.561828546836859,9.07915858299998,8.852756993515237,7.814225167441681,9.248262080332044
752,1997-01-01,10.399950336185192,10.347309179158604,10.338326423035287,10.395426692263994,10.477261590004149,10.248490248740687,10.320281772195997,10.315164806606717,10.307641794405459,10.40542256169367,10.410294084888088,10.118684801546449,10.748421461678506,9.943197502020451,10.048177119873301,10.304364373486623,10.549686651755975,10.283968602755051,10.638799913050368,9.621113447535269,8.635603638888531,9.489975993220677,9.149522545510045,9.830287386783553,8.70414010774123,9.608736335494864,9.099685082324724,8.879207977996696,7.829639025030188,9.308405225725375
753,1998-01-01,10.443982829644998,10.385182864200074,10.35713131878939,10.42779428590311,10.501258360897417,10.299418737897303,10.352110409612227,10.345913912805468,10.33037584068483,10.390784124955758,10.454164997163442,10.121072312129035,10.798692111994779,9.988844668917114,10.09760844413813,10.347761899014191,10.593894421248,10.311528823484805,10.670646011779137,9.632960215758875,8.601574967500841,9.528381010403047,9.150495661099736,9.871930315992312,8.687228399574842,9.598255757849513,9.089670076776287,8.896611260977783,7.867787788761708,9.351047727914512
754,1999-01-01,10.478724112906638,10.422528236501899,10.391198309282753,10.472932616085492,10.53272066146703,10.341319436462461,10.38234597531919,10.376225065029256,10.352665876566254,10.38574441246847,10.502573379520877,10.160761683532147,10.842110706645947,10.025259139688474,10.148374577579478,10.395289822712718,10.623559897475909,10.339563861592113,10.70494748073344,9.605513871242577,8.610413074105677,9.499178497044092,9.15289756582938,9.907308213261858,8.690338664955746,9.522921226322046,9.03385851450542,8.837070290377147,7.903869851728661,9.383806404847222
755,2000-01-01,10.507886712539323,10.457265173852011,10.425839586426843,10.517119615026234,10.57185979189027,10.394817429995078,10.416601001720528,10.415331172240354,10.395649489720816,10.410630638555245,10.542705081773077,10.197015658311114,10.897479065349195,10.059295721207942,10.203401760949454,10.440057067429453,10.674778032348902,10.371803393876375,10.733925592212394,9.629815105107845,8.672673410803807,9.476548309565462,9.193644207164898,9.950625486176406,8.70586859089437,9.546284526897429,9.047443943168904,8.840470611717016,7.9204775642530105,9.442514706888307
756,2001-01-01,10.526104732140778,10.47085107635352,10.431858612315045,10.5269417755321,10.582177357643785,10.418753662529049,10.431762961557423,10.441742167428888,10.419641952029265,10.411701530913668,10.561945487182678,10.209770005422856,10.943382160986207,10.075395564660067,10.245428864071693,10.453533773509296,10.700964089875319,10.393919880518336,10.733741177842276,9.645235394623334,8.634258781065864,9.430593272567059,9.205660386320313,9.994871748510684,8.701217469837616,9.567877531131188,9.05111407854614,8.872233957331636,7.950803951262173,9.438707470546351
757,2002-01-01,10.560153965557967,10.486361820632418,10.446384172336485,10.548598927954766,10.58934244106656,10.433720257159278,10.438599104920112,10.45134679262158,10.427625788679666,10.410166605424385,10.562382870691957,10.242309025936628,10.982584214250831,10.081485594729891,10.266508613532325,10.47925151000675,10.712957074592506,10.412450519066356,10.742169024480676,9.649228958567912,8.65195285032785,9.341331855171804,9.234551787569158,10.03862836076289,8.744236088293635,9.461569733439006,9.0630626360715,8.90377543279899,7.962389080438035,9.445056983004255
758,2003-01-01,10.5846546373988,10.493026029054667,10.451275842591917,10.559970123793969,10.5962132281138,10.451817590322628,10.442668248471097,10.454968644688686,10.43169521064441,10.422874862362017,10.56627754580812,10.270776016598411,11.016204230349683,10.072281305317238,10.287792519890756,10.5033058255755,10.724183248206202,10.440928621795743,10.761258844654035,9.668345921795737,8.693424525826822,9.344756410305825,9.24518569614662,10.101521123596031,8.775293127512304,9.369750028167658,9.088762106060983,8.918449928420895,8.018270616458636,9.456728121108135
759,2004-01-01,10.618585182963145,10.517513390928674,10.48403565051732,10.583842511164379,10.62567307529115,10.48817534292143,10.465780443402375,10.478096478744488,10.447906379968565,10.443295799517584,10.588662441472605,10.30248966257461,11.079433412173165,10.09174009334275,10.31188477895592,10.545764072224248,10.76349565292873,10.459261188222476,10.789168903229694,9.709840470617,8.731007995869533,9.388930763167098,9.301063695483228,10.157369214049512,8.814479696387867,9.526102865788905,9.128184002613642,8.982048679618439,8.07480816379187,9.494586541101498
760,2005-01-01,10.643147206980865,10.535895974376157,10.50062984770355,10.608687289366802,10.651705850960623,10.512906798145858,10.477160213194574,10.49696839104544,10.459443124530727,10.459030940054076,10.613479301431559,10.317920572409783,11.12885811631236,10.10143430898568,10.338045400883512,10.577935792773955,10.805149855961282,10.480764336782583,10.812849564675965,9.749023509367916,8.778202420374202,9.453874506339353,9.333068646342664,10.169365796199914,8.8666004511566,9.612087877644237,9.16164608741933,9.018789680910801,8.130544548712933,9.521919703549788
761,2006-01-01,10.660805669436918,10.567896964188014,10.520074972074353,10.62733728141551,10.692523897271101,10.549561537097686,10.495879145159691,10.545713391975399,10.483292564820268,10.472575851171968,10.65222340352922,10.335225522191728,11.17479926661775,10.118963365303275,10.37059397360438,10.621139510555722,10.856360226193464,10.497202963049528,10.829527803455237,9.793717503115028,8.839861467362681,9.489772060762187,9.373020775720795,10.230310199955536,8.930745136152279,9.696074977660869,9.214300830728316,9.050354678239968,8.196825676051109,9.567144386377747
762,2007-01-01,10.692707889073022,10.604237615469996,10.547519941304193,10.640815844400462,10.702827949331745,10.596597867067862,10.514493796783002,10.590420633942758,10.499868704980747,10.488289567054235,10.692143796102071,10.366732166610454,11.223639555369568,10.145539448880571,10.396213351211799,10.654899972391947,10.906131004964099,10.513706202890706,10.837652479053457,9.82487178278939,8.893384932370525,9.545124940910798,9.433484432762265,10.268926031735406,9.004344575032954,9.763425468518268,9.26882669782289,9.063415039628278,8.26119037583951,9.594563318172579
763,2008-01-01,10.701482027669869,10.620468278070796,10.548424796469538,10.642955794083884,10.697529261546864,10.599870824755701,10.512214325678764,10.614362517554229,10.489687941804936,10.477181700850645,10.710871741691507,10.355983603224017,11.245334389247265,10.149991334014743,10.399534287899591,10.649937651543327,10.934086557899304,10.49860259245444,10.825278059625509,9.841826453689789,8.938847731583763,9.607096107788337,9.485241971698702,10.271871058850063,9.083939857723799,9.79918704048226,9.29161963973756,9.116455062182045,8.301684018451382,9.602928929557468
764,2009-01-01,10.707427647647405,10.583135450318157,10.518636684535629,10.60441989123436,10.647569578846003,10.509512803926789,10.478271355212488,10.57036618362499,10.435738767433989,10.421984008435482,10.673098126022664,10.349232935033223,11.246686945650174,10.122721749085265,10.363115370644476,10.599538280632641,10.918201807413373,10.445880386907128,10.78834816252574,9.808323837776692,8.961449102848212,9.625359436886878,9.486523402738746,10.234225433298242,9.086591444072432,9.755158343243856,9.295976847245983,9.113980394904015,8.35953485216492,9.548738535844631
765,2010-01-01,10.723272304695675,10.603817606730543,10.538457999285717,10.626422299981568,10.66738199811675,10.535161200323119,10.493680393001029,10.623996507591961,10.45639339031942,10.463429073179649,10.687671001104537,10.360472091476074,11.270549976251093,10.144988102499378,10.366793931685349,10.660425032103278,10.954649998863152,10.456063540857192,10.805008056911536,9.847438085269033,9.02638181943005,9.705989137562273,9.562096117173288,10.185558854499375,9.159865703419422,9.747159965755053,9.322926496525453,9.140691510171788,8.417537588820696,9.595418953889888
766,2011-01-01,10.739262131345829,10.632146654097433,10.54875665285161,10.650104407449692,10.682238870388222,10.55664572487971,10.510286772360844,10.673341112178944,10.467408346336265,10.462503160399518,10.70528732392309,10.37527084723745,11.297539247588844,10.13193700264052,10.360912399575003,10.647304082870662,10.979956476518549,10.462274425587943,10.813257067420018,9.888627689629104,9.095826985187422,9.75330399326998,9.604474863741963,10.100246059905626,9.214730720277476,9.783915417395283,9.374837343857585,9.208839245849916,8.469682208745185,9.62970838525334
767,2012-01-01,10.757881603870102,10.635013745965189,10.542864689886246,10.655964399172069,10.680746075714726,10.537521468603567,10.50701085558772,10.676369701114927,10.436113806260972,10.479538961219825,10.690967162330788,10.394334933586453,11.311531174442967,10.094851437314311,10.331985359754865,10.637056647594989,10.97975197754033,10.468375134400649,10.827627399353682,9.929691218032765,9.177610547353265,9.791214310053341,9.614804979750764,10.029811785869622,9.262268464836541,9.828171158226679,9.402859753746583,9.24936875894366,8.503499864284235,9.657523073436215
768,2013-01-01,10.763207932921889,10.630432112679363,10.538396324506982,10.668815850056081,10.685858244843748,10.52529983549145,10.508677454336931,10.678514214406102,10.40710727605179,10.501059518173044,10.686109739523676,10.403929451547379,11.309376185914461,10.088970772667661,10.318242707551384,10.640914741787618,10.985902706301667,10.480606407035951,10.836891022686792,9.95868571300089,9.203114326884442,9.830325286907144,9.636000187369866,10.004147035635306,9.308736693832376,9.972500423823082,9.438909179935457,9.283590833715776,8.551014739891748,9.660141293904399
769,2014-01-01,10.776181610692205,10.629537452771782,10.55132351038607,10.682972966908995,10.69740723991905,10.514827970391982,10.505806992135533,10.690170612487238,10.399067550086553,10.50608072475522,10.696593183839905,10.414483161853756,11.31710520930491,10.103280590242088,10.335886661884373,10.656694489523737,10.993479458910626,10.503312575864701,10.852516492998056,9.9681041956221,9.243968552956167,9.86058005152485,9.632859234650175,10.014313107625012,9.322418275381533,9.919213252997611,9.470548467427209,9.308917935337176,8.604837701268284,9.67130325656977
770,2015-01-01,10.786366268065041,10.628472489944825,10.560204123979984,10.683248114229192,10.706273583613463,10.514230906841258,10.51398655078612,10.698581930003753,10.40783222020243,10.519510678674001,10.711502412115928,10.425134414933702,11.323132063337559,10.123225310715505,10.368698465041247,10.686155459034484,10.990482621864047,10.517077324312647,10.870300281424473,9.979939204696459,9.283869605264298,9.864954602819344,9.669409436169138,10.018689482224811,9.345308232386667,9.841718526138497,9.489334816030398,9.29697667863573,8.664578178329295,9.686326072899465
771,2016-01-01,10.796407298087043,10.632122526025627,10.56529885278622,10.686132599540365,10.710766667140986,10.525111878184058,10.522018939715283,10.707482665306589,10.416879879499433,10.531162442798411,10.727662995502477,10.442754849933422,11.324352408206183,10.14037620564201,10.312612621475779,10.706811133741756,10.996450580805538,10.527659718592542,10.878330171359899,9.984883190740122,9.319105086767571,9.876527370953346,9.537699784080726,10.024554080515571,9.373818840968658,9.6302999262348,9.497472293122483,9.261698664251325,8.720134035412928,9.688622142666144
772,2017-01-01,10.804981621779746,10.649639114220214,10.580306227393333,10.705301714747476,10.724490338731048,10.554941514464454,10.542574465802339,10.728096775202484,10.434919520824414,10.556199689063654,10.750444398489353,10.459552705238329,11.339242492421624,10.177278217480117,10.338774196915734,10.718691804270627,11.004953148516716,10.539609999438046,10.896883200207439,9.982778832520166,9.34295764797707,9.899385957369917,9.543349469675833,10.041470604652387,9.388697849152333,9.463363839354814,9.499873152159203,9.272119819997528,8.771697939852944,9.699450319340176
